MIMARKS item,Explanation,Example1,Example2,Sample1,Sample2,Sample3,Sample4
project name,Name of project - you decide,MyMicro336,MyMicro336,,,,
investigation type,investigation type,mimarks-specimen,mimarks-specimen,,,,
geog. location name,"geographic location (country and/or sea,region)",New Zealand,New Zealand,,,,
lat lon,geographic location (latitude and longitude),"45.87 S, 170.50 E","45.87 S, 170.50 E",,,,
collection date,collection date,1-Jan-18,1-Jan-18,,,,
env biome,environment (biome) ,grassland,human- associated,,,,
env feature,environment (feature),grassland,human- oral,,,,
env material,environment (material),soil,saliva,,,,
env package,"environmental package (can be human-associated, soil, or water)",soil,human- associated,,,,
target gene,target gene,16S rRNA,16S rRNA,,,,
optional metadata 1,Use this column to record other important metadata,soil type = clay,,,,,
optional metadata 2,Use this column to record other important metadata,,time since last toothbrushing = 6 hrs,,,,