SampleID,BarcodeSequence,LinkerPrimerSequence,BarcodePlate,Well,Original.name,Description,Published_station,Replicate,Day,Month,Year,Month_year,Order,Depth,Surface_Deep,LonE,LatN,Distance_km_from_TH,Temperature,Salinity,Phosphate,Nitrate,Silicate,Chlorophylla,BA,BP,Water_mass,Season,Experiment,Depth_season,El_Nino,wm_season,season_year,wm_ElNino
d81,TCCGTGGTATAG,CCGGACTACHVGGGTWTCTAAT,,,d8.1,d8.1,9,A,28,January,2014,Jan-14,1,500,Deep,171.558,-45.839,65.37,NA,NA,1.3,19.1,7.5,NA,1.89E+04,12.31174699,DEEP,Summer,TS,deepsum,Pre,DEEPsum,summer2014,DEEPpre
d82,TCTACGGCACGT,CCGGACTACHVGGGTWTCTAAT,,,d8.2,d8.2,9,B,28,January,2014,Jan-14,1,500,Deep,171.558,-45.839,65.37,NA,NA,1.3,19.1,7.5,NA,1.89E+04,12.31174699,DEEP,Summer,TS,deepsum,Pre,DEEPsum,summer2014,DEEPpre
1A0614500,TAGACCGACTCC,CCGGACTACHVGGGTWTCTAAT,,,1A_06.14_500,Run2,9,,3,June,2014,Jun-14,2,500,Deep,171.532,-45.829,63.13307468,7.060339535,34.36339767,1.19,16.7,3.9,0,3.08E+04,2.6,DEEP,Winter,TS,deepwin,Pre,DEEPwin,winter2014,DEEPpre
1B0614500,GTCAACGCTGTC,CCGGACTACHVGGGTWTCTAAT,,,1B_06.14_500,Run2,9,,3,June,2014,Jun-14,2,500,Deep,171.532,-45.829,63.13307468,7.060339535,34.36339767,1.19,16.7,3.9,0,3.08E+04,2.6,DEEP,Winter,TS,deepwin,Pre,DEEPwin,winter2014,DEEPpre
1A0714500,TGCCGAGTAATC,CCGGACTACHVGGGTWTCTAAT,,,1A_07.14_500,Run2,9,,,July,2014,Jul-14,3,500,Deep,171.534,-45.83,63.29,6.6,34.33,1.52,22,8,0,2.21E+04,1.4,DEEP,Winter,TS,deepwin,Pre,DEEPwin,winter2014,DEEPpre
1A1214500,GTAGGAACCGGA,CCGGACTACHVGGGTWTCTAAT,,,1A_12.14_500,Run2,9,,19,December,2014,Dec-14,4,500,Deep,171.53247,-45.83018,63.20234178,7.344239796,34.38132704,1.22,16.6,3.4,0,1.15E+04,7.831325301,DEEP,Summer,TS,deepsum,Pre,DEEPsum,summer2014,DEEPpre
1B1214500,ACATCTAGCAGA,CCGGACTACHVGGGTWTCTAAT,,,1B_12.14_500,Run2,9,,19,December,2014,Dec-14,4,500,Deep,171.53247,-45.83018,63.20234178,7.344239796,34.38132704,1.22,16.6,3.4,0,1.15E+04,7.831325301,DEEP,Summer,TS,deepsum,Pre,DEEPsum,summer2014,DEEPpre
1A0315500,GAAGACAGCGAC,CCGGACTACHVGGGTWTCTAAT,,,1A_03.15_500,Run2,9,,10,March,2015,Mar-15,5,500,Deep,171.534,-45.83,63.61,7.5,34.422,1.36,12.9,4.63,0,2.98E+05,51.90763052,DEEP,Autumn,TS,deepaut,Pre,DEEPaut,autumn2015,DEEPpre
1B0315500,ACACCTGCGATC,CCGGACTACHVGGGTWTCTAAT,,,1B_03.15_500,Run2,9,,10,March,2015,Mar-15,5,500,Deep,171.534,-45.83,63.61,7.5,34.422,1.36,12.9,4.63,0,2.98E+05,51.90763052,DEEP,Autumn,TS,deepaut,Pre,DEEPaut,autumn2015,DEEPpre
MunidaAug2015ST1a500m,TGGAGCCTTGTC,GTGTGYCAGCMGCCGCGGTAA,3,D3,Munida_Aug2015_ST1a_500m,Munida.Aug2015.ST1a.500m,9,A,11,August,2015,Aug-15,7,500,Deep,171.54775,-45.83747,64.56,7.203820438,34.4000708,1.54,22.1,11.75,0.001749683,2.71E+05,,DEEP,Winter,TS,deepwin,El_Nino,DEEPwin,winter2015,DEEPelnino
MunidaAug2015ST1b500m,AGGACCTCGTTC,GTGTGYCAGCMGCCGCGGTAA,9,B6,Munida_Aug2015_ST1b_500m,Munida.Aug2015.ST1b.500m,9,B,11,August,2015,Aug-15,7,500,Deep,171.54775,-45.83747,64.56,7.203820438,34.4000708,1.54,22.1,11.75,0.001749683,2.71E+05,,DEEP,Winter,TS,deepwin,El_Nino,DEEPwin,winter2015,DEEPelnino
MunidaNov2015ST1a500m,TGCGCGCCTTCC,GTGTGYCAGCMGCCGCGGTAA,5,E3,Munida_Nov2015_ST1a_500m,Munida.Nov2015.ST1a.500m,9,A,5,November,2015,Nov-15,8,500,Deep,171.533,-45.829,64,7.202036782,34.37234713,1.317403939,18.28571429,5.090779637,0.004486365,9.65E+04,59.53224663,DEEP,Spring,TS,deepspr,El_Nino,DEEPspr,spring2015,DEEPelnino
MunidaNov2015ST1b500m,GAACGATCATGT,GTGTGYCAGCMGCCGCGGTAA,5,E5,Munida_Nov2015_ST1b_500m,Munida.Nov2015.ST1b.500m,9,B,5,November,2015,Nov-15,8,500,Deep,171.533,-45.829,64,7.202036782,34.37234713,1.317403939,18.28571429,5.090779637,0.004486365,9.65E+04,59.53224663,DEEP,Spring,TS,deepspr,El_Nino,DEEPspr,spring2015,DEEPelnino
MunidaDec2015ST1a500m,GTGCTAATAGGT,GTGTGYCAGCMGCCGCGGTAA,9,D10,Munida_Dec2015_ST1a_500m,Munida.Dec2015.ST1a.500m,9,A,18,December,2015,Dec-15,9,500,Deep,171.534,-45.829,64.04,6.714575472,34.3182,1.352922183,18.21428571,6.621573514,0.011215914,1.46E+05,6.777108434,DEEP,Summer,TS,deepsum,El_Nino,DEEPsum,summer2015,DEEPelnino
MunidaDec2015ST1b500m,TTCGAAACTTTC,GTGTGYCAGCMGCCGCGGTAA,9,D12,Munida_Dec2015_ST1b_500m,Munida.Dec2015.ST1b.500m,9,B,18,December,2015,Dec-15,9,500,Deep,171.534,-45.829,64.04,6.714575472,34.3182,1.352922183,18.21428571,6.621573514,0.011215914,1.46E+05,6.777108434,DEEP,Summer,TS,deepsum,El_Nino,DEEPsum,summer2015,DEEPelnino
MunidaJan2016ST1a500m,ATGTTAGGGAAT,GTGTGYCAGCMGCCGCGGTAA,5,A1,Munida_Jan2016_ST1a_500m,Munida.Jan2016.ST1a.500m,9,A,17,January,2016,Jan-16,10,500,Deep,171.538,-45.83,64.15,7.047631655,34.35043165,1.394898289,19.5,6.550373799,0.002871274,,60.55255505,DEEP,Summer,TS,deepsum,El_Nino,DEEPsum,summer2016,DEEPelnino
MunidaJan2016ST1b500m,TCATCCGTCGGC,GTGTGYCAGCMGCCGCGGTAA,5,A3,Munida_Jan2016_ST1b_500m,Munida.Jan2016.ST1b.500m,9,B,17,January,2016,Jan-16,10,500,Deep,171.538,-45.83,64.15,7.047631655,34.35043165,1.394898289,19.5,6.550373799,0.002871274,,60.55255505,DEEP,Summer,TS,deepsum,El_Nino,DEEPsum,summer2016,DEEPelnino
MunidaMar2016ST1a500m,ACGGCGTTATGT,GTGTGYCAGCMGCCGCGGTAA,3,E1,Munida_Mar2016_ST1a_500m,Munida.Mar2016.ST1a.500m,9,A,14,March,2016,Mar-16,11,500,Deep,171.534,-45.83,63.47,6.770053409,34.32910455,1.275427833,17.5,6.158775365,0.002377774,1.54E+05,42.53219776,DEEP,Autumn,TS,deepaut,El_Nino,DEEPaut,autumn2016,DEEPelnino
MunidaMar2016ST1b500m,GTTAGGGAGCGA,GTGTGYCAGCMGCCGCGGTAA,5,B7,Munida_Mar2016_ST1b_500m,Munida.Mar2016.ST1b.500m,9,B,14,March,2016,Mar-16,11,500,Deep,171.534,-45.83,63.47,6.770053409,34.32910455,1.275427833,17.5,6.158775365,0.002377774,1.54E+05,42.53219776,DEEP,Autumn,TS,deepaut,El_Nino,DEEPaut,autumn2016,DEEPelnino
MunidaAug2016ST8a0mD5,ACCAGCTCAGAT,GTGTGYCAGCMGCCGCGGTAA,9,D5,Munida_Aug2016_ST8a_0m_D5,Munida.Aug2016.ST8a.0m.D5,9,A,23,August,2016,Aug-16,12,500,Deep,171.535,-45.83,63.97,6.866526027,34.23633014,,,,,1.81E+04,0,DEEP,Winter,TS,deepwin,Post,DEEPwin,winter2016,DEEPpost
MunidaAug2016ST8b500m,TCGAAGACGTAT,GTGTGYCAGCMGCCGCGGTAA,9,D8,Munida_Aug2016_ST8b_500m,Munida.Aug2016.ST8b.500m,9,B,23,August,2016,Aug-16,12,500,Deep,171.535,-45.83,63.97,6.866526027,34.23633014,,,,,1.81E+04,0,DEEP,Winter,TS,deepwin,Post,DEEPwin,winter2016,DEEPpost
MunidaFeb2017ST8a500m,TTCCACACGTGG,GTGTGYCAGCMGCCGCGGTAA,3,D11,Munida_Feb2017_ST8a_500m,Munida.Feb2017.ST8a.500m,9,A,2,Feburary,2017,Feb-17,13,500,Deep,171.533,-45.829,63.42,7.3,34.378,1.259283177,20.35714286,6.194375222,0.00134591,8.17E+04,4.856927711,DEEP,Summer,TS,deepsum,Post,DEEPsum,summer2017,DEEPpost
MunidaFeb2017ST8b500m,ACCACTTGCCAG,GTGTGYCAGCMGCCGCGGTAA,9,G6,Munida_Feb2017_ST8b_500m,Munida.Feb2017.ST8b.500m,9,B,2,Feburary,2017,Feb-17,13,500,Deep,171.533,-45.829,63.42,7.3,34.378,1.259283177,20.35714286,6.194375222,0.00134591,8.17E+04,4.856927711,DEEP,Summer,TS,deepsum,Post,DEEPsum,summer2017,DEEPpost
MunidaFeb22017ST8a500m,AGCAGCTATTGC,GTGTGYCAGCMGCCGCGGTAA,9,G4,Munida_Feb22017_ST8a_500m,Munida.Feb22017.ST8a.500m,9,A,23,Feburary,2017,Feb2-17,14,500,Deep,171.535,-45.829,63.79,6.784335766,34.32596058,1.411042945,21.57142857,7.404770381,0.001390773,4.84E+04,44.35240964,DEEP,Summer,TS,deepsum,Post,DEEPsum,summer2017,DEEPpost
MunidaFeb22017ST8b500m,GTACCAGGTACT,GTGTGYCAGCMGCCGCGGTAA,9,H11,Munida_Feb22017_ST8b_500m,Munida.Feb22017.ST8b.500m,9,B,23,Feburary,2017,Feb2-17,14,500,Deep,171.535,-45.829,63.79,6.784335766,34.32596058,1.411042945,21.57142857,7.404770381,0.001390773,4.84E+04,44.35240964,DEEP,Summer,TS,deepsum,Post,DEEPsum,summer2017,DEEPpost
S81,GAGTACAGTCTA,CCGGACTACHVGGGTWTCTAAT,,,S8.1,S8.1,8,A,28,January,2014,Jan-14,1,0,Surface,171.558,-45.839,65.37,12.6,34.279,0.7,10.6,0.4,NA,9.18E+04,263.1024096,SAW,Summer,TS,surfsum,Pre,SAWsum,summer2014,SAWpre
S82,CCTACATGAGAC,CCGGACTACHVGGGTWTCTAAT,,,S8.2,S8.2,8,B,28,January,2014,Jan-14,1,0,Surface,171.558,-45.839,65.37,12.6,34.279,0.7,10.6,0.4,NA,9.18E+04,263.1024096,SAW,Summer,TS,surfsum,Pre,SAWsum,summer2014,SAWpre
1A0614,ACAGGAGGGTGT,CCGGACTACHVGGGTWTCTAAT,,,1A_06.14,Run2,8,,3,June,2014,Jun-14,2,0,Surface,171.532,-45.829,63.13307468,9.60755,34.23885,0.99,11.5,1.1,0.19,8.66E+04,20.5,SAW,Winter,TS,surfwin,Pre,SAWwin,winter2014,SAWpre
1B0614,GCTGTCGTCAAC,CCGGACTACHVGGGTWTCTAAT,,,1B_06.14,Run2,8,,3,June,2014,Jun-14,2,0,Surface,171.532,-45.829,63.13307468,9.60755,34.23885,0.99,11.5,1.1,0.19,8.66E+04,20.5,SAW,Winter,TS,surfwin,Pre,SAWwin,winter2014,SAWpre
1A0714,ACCTTGACAAGA,CCGGACTACHVGGGTWTCTAAT,,,1A_07.14,Run2,8,,,July,2014,Jul-14,3,0,Surface,171.534,-45.83,63.29,8.4,34.25,1.02,14.2,1.7,0.25,8.64E+04,54.8,SAW,Winter,TS,surfwin,Pre,SAWwin,winter2014,SAWpre
1B0714,GTAACCACCACC,CCGGACTACHVGGGTWTCTAAT,,,1B_07.14,Run2,8,,,July,2014,Jul-14,3,0,Surface,171.534,-45.83,63.29,8.4,34.25,1.02,14.2,1.7,0.25,8.64E+04,54.8,SAW,Winter,TS,surfwin,Pre,SAWwin,winter2014,SAWpre
1A1214,CCGACATTGTAG,CCGGACTACHVGGGTWTCTAAT,,,1A_12.14,Run2,8,,19,December,2014,Dec-14,4,0,Surface,171.53247,-45.83018,63.20234178,11.09124615,34.30958462,0.98,11,0,0.27,2.63E+04,151.5060241,SAW,Summer,TS,surfsum,Pre,SAWsum,summer2014,SAWpre
1B1214,CATGTAAGGCTC,CCGGACTACHVGGGTWTCTAAT,,,1B_12.14,Run2,8,,19,December,2014,Dec-14,4,0,Surface,171.53247,-45.83018,63.20234178,11.09124615,34.30958462,0.98,11,0,0.27,2.63E+04,151.5060241,SAW,Summer,TS,surfsum,Pre,SAWsum,summer2014,SAWpre
1A0315,GGCGTTGCATTC,CCGGACTACHVGGGTWTCTAAT,,,1A_03.15,Run2,8,,10,March,2015,Mar-15,5,0,Surface,171.534,-45.83,63.61,12.3,34.375,0.86,8.7,0.28,0.47,1.11E+06,268.4738956,SAW,Autumn,TS,surfaut,Pre,SAWaut,autumn2015,SAWpre
1B0315,ACTAGCGTTCAG,CCGGACTACHVGGGTWTCTAAT,,,1B_03.15,Run2,8,,10,March,2015,Mar-15,5,0,Surface,171.534,-45.83,63.61,12.3,34.375,0.86,8.7,0.28,0.47,1.11E+06,268.4738956,SAW,Autumn,TS,surfaut,Pre,SAWaut,autumn2015,SAWpre
1A0415,TTGCGGACCCTA,CCGGACTACHVGGGTWTCTAAT,,,1A_04.15,Run2,8,,25,April,2015,Apr-15,6,0,Surface,171.534,-45.829,63.35,10.9,34.311,0.94,10,0.55,0.36,5.58E+05,92.01807229,SAW,Autumn,TS,surfaut,Pre,SAWaut,autumn2015,SAWpre
1B0415,GCGGAAACATGG,CCGGACTACHVGGGTWTCTAAT,,,1B_04.15,Run2,8,,25,April,2015,Apr-15,6,0,Surface,171.534,-45.829,63.35,10.9,34.311,0.94,10,0.55,0.36,5.58E+05,92.01807229,SAW,Autumn,TS,surfaut,Pre,SAWaut,autumn2015,SAWpre
MunidaAug2015ST1a0m,GGTTACGGTTAC,GTGTGYCAGCMGCCGCGGTAA,9,B4,Munida_Aug2015_ST1a_0m,Munida.Aug2015.ST1a.0m,8,A,11,August,2015,Aug-15,7,0,Surface,171.54775,-45.83747,64.72052315,7.893246296,34.30817399,0.875,10.3,1.85,0.16,1.29E+06,,SAW,Winter,TS,surfwin,El_Nino,SAWwin,winter2015,SAWelnino
MunidaAug2015ST1b0m,ATTGCGCTACCG,GTGTGYCAGCMGCCGCGGTAA,9,B5,Munida_Aug2015_ST1b_0m,Munida.Aug2015.ST1b.0m,8,B,11,August,2015,Aug-15,7,0,Surface,171.54775,-45.83747,64.72052315,7.893246296,34.30817399,0.875,10.3,1.85,0.16,1.29E+06,,SAW,Winter,TS,surfwin,El_Nino,SAWwin,winter2015,SAWelnino
MunidaNov2015ST1a0m,ACATGGGCGGAA,GTGTGYCAGCMGCCGCGGTAA,5,E2,Munida_Nov2015_ST1a_0m,Munida.Nov2015.ST1a.0m,8,A,5,November,2015,Nov-15,8,0,Surface,171.533,-45.829,64,8.7,34.354,0.79,9.35,2.555,0.165,1.27E+06,101.3339071,SAW,Spring,TS,surfspr,El_Nino,SAWspr,spring2015,SAWelnino
MunidaNov2015ST1b0m,GTTGGTTGGCAT,GTGTGYCAGCMGCCGCGGTAA,5,E4,Munida_Nov2015_ST1b_0m,Munida.Nov2015.ST1b.0m,8,B,5,November,2015,Nov-15,8,0,Surface,171.533,-45.829,64,8.7,34.354,0.79,9.35,2.555,0.165,1.27E+06,101.3339071,SAW,Spring,TS,surfspr,El_Nino,SAWspr,spring2015,SAWelnino
MunidaDec2015ST1a0m,CGATGGCGCGAC,GTGTGYCAGCMGCCGCGGTAA,9,D9,Munida_Dec2015_ST1a_0m,Munida.Dec2015.ST1a.0m,8,A,18,December,2015,Dec-15,9,0,Surface,171.534,-45.829,64.04,10.46,34.31,0.92,11.35,0.83,0.15,8.40E+05,97.06568208,SAW,Summer,TS,surfsum,El_Nino,SAWsum,summer2015,SAWelnino
MunidaDec2015ST1b0m,CGCGCTGGCCCG,GTGTGYCAGCMGCCGCGGTAA,9,D11,Munida_Dec2015_ST1b_0m,Munida.Dec2015.ST1b.0m,8,B,18,December,2015,Dec-15,9,0,Surface,171.534,-45.829,64.04,10.46,34.31,0.92,11.35,0.83,0.15,8.40E+05,97.06568208,SAW,Summer,TS,surfsum,El_Nino,SAWsum,summer2015,SAWelnino
MunidaJan2016ST1a0m,AGATCTATGCAG,GTGTGYCAGCMGCCGCGGTAA,9,H12,Munida_Jan2016_ST1a_0m,Munida.Jan2016.ST1a.0m,8,A,17,January,2016,Jan-16,10,0,Surface,171.538,-45.83,64.15,11.4,34.322,0.778172425,10.85714286,0.904236383,0.19,,94.14865344,SAW,Summer,TS,surfsum,El_Nino,SAWsum,summer2016,SAWelnino
MunidaJan2016ST1b0m,GCTAGTTATGGA,GTGTGYCAGCMGCCGCGGTAA,5,A2,Munida_Jan2016_ST1b_0m,Munida.Jan2016.ST1b.0m,8,B,17,January,2016,Jan-16,10,0,Surface,171.538,-45.83,64.15,11.4,34.322,0.778172425,10.85714286,0.904236383,0.19,,94.14865344,SAW,Summer,TS,surfsum,El_Nino,SAWsum,summer2016,SAWelnino
MunidaMar2016ST1a0m,CTTCCAACTCAT,GTGTGYCAGCMGCCGCGGTAA,5,B5,Munida_Mar2016_ST1a_0m,Munida.Mar2016.ST1a.0m,8,A,14,March,2016,Mar-16,11,0,Surface,171.534,-45.83,63.47,11.8,34.322,0.71,10.4,0.99,0.195,8.49E+05,35.51899907,SAW,Autumn,TS,surfaut,El_Nino,SAWaut,autumn2016,SAWelnino
MunidaMar2016ST1b0m,GCCTAGCCCAAT,GTGTGYCAGCMGCCGCGGTAA,5,B6,Munida_Mar2016_ST1b_0m,Munida.Mar2016.ST1b.0m,8,B,14,March,2016,Mar-16,11,0,Surface,171.534,-45.83,63.47,11.8,34.322,0.71,10.4,0.99,0.195,8.49E+05,35.51899907,SAW,Autumn,TS,surfaut,El_Nino,SAWaut,autumn2016,SAWelnino
MunidaAug2016ST8a0mD6,GTTATCGCATGG,GTGTGYCAGCMGCCGCGGTAA,9,D6,Munida_Aug2016_ST8a_0m_D6,Munida.Aug2016.ST8a.0m.D6,8,A,23,August,2016,Aug-16,12,0,Surface,171.535,-45.83,63.97,8.1,34.306,,,,0.25,6.47E+04,0,SAW,Winter,TS,surfwin,Post,SAWwin,winter2016,SAWpost
MunidaAug2016ST8b0m,TCTGAGGTTGCC,GTGTGYCAGCMGCCGCGGTAA,9,D7,Munida_Aug2016_ST8b_0m,Munida.Aug2016.ST8b.0m,8,B,23,August,2016,Aug-16,12,0,Surface,171.535,-45.83,63.97,8.1,34.306,,,,0.25,6.47E+04,0,SAW,Winter,TS,surfwin,Post,SAWwin,winter2016,SAWpost
MunidaFeb2017ST8a0m,ACGCCACTTGCC,GTGTGYCAGCMGCCGCGGTAA,9,G3,Munida_Feb2017_ST8a_0m,Munida.Feb2017.ST8a.0m,8,A,2,Feburary,2017,Feb-17,13,0,Surface,171.533,-45.829,63.42,11.99287547,34.290473,0.67,10.55,0.485,0.21,1.30E+05,161.5963855,SAW,Summer,TS,surfsum,Post,SAWsum,summer2017,SAWpost
MunidaFeb2017ST8b0m,CGCTTGTGTAGC,GTGTGYCAGCMGCCGCGGTAA,9,G5,Munida_Feb2017_ST8b_0m,Munida.Feb2017.ST8b.0m,8,B,2,Feburary,2017,Feb-17,13,0,Surface,171.533,-45.829,63.42,11.99287547,34.290473,0.67,10.55,0.485,0.21,1.30E+05,161.5963855,SAW,Summer,TS,surfsum,Post,SAWsum,summer2017,SAWpost
MunidaMar2017ST8a0m,CACAGTTGAAGT,GTGTGYCAGCMGCCGCGGTAA,5,D12,Munida_Mar2017_ST8a_0m,Munida.Mar2017.ST8a.0m,8,A,27,March,2017,Mar-17,15,0,Surface,171.533,-45.831,63.1,12,34.31,0.5,6.35,0.285,0.28,1.47E+05,16.71686747,SAW,Autumn,TS,surfaut,Post,SAWaut,autumn2017,SAWpost
MunidaMar2017ST8b0m,CTCGATGTAAGC,GTGTGYCAGCMGCCGCGGTAA,15,E3,Munida_Mar2017_ST8b_0m,Munida.Mar2017.ST8b.0m,8,B,27,March,2017,Mar-17,15,0,Surface,171.533,-45.831,63.1,12,34.31,0.5,6.35,0.285,0.28,1.47E+05,16.71686747,SAW,Autumn,TS,surfaut,Post,SAWaut,autumn2017,SAWpost
MunidaFeb22017ST8a0m,TAGGCCATGTAA,GTGTGYCAGCMGCCGCGGTAA,9,H9,Munida_Feb22017_ST8a_0m,Munida.Feb22017.ST8a.0m,8,A,23,Feburary,2017,Feb2-17,14,0,Surface,171.535,-45.829,63.79,13.1,34.249,0.63,9.05,0.47,0.45,1.08E+05,200.5271084,SAW,Summer,TS,surfsum,Post,SAWsum,summer2017,SAWpost
MunidaFeb22017ST8b0m,ATCATTGATTAC,GTGTGYCAGCMGCCGCGGTAA,9,H10,Munida_Feb22017_ST8b_0m,Munida.Feb22017.ST8b.0m,8,B,23,Feburary,2017,Feb2-17,14,0,Surface,171.535,-45.829,63.79,13.1,34.249,0.63,9.05,0.47,0.45,1.08E+05,200.5271084,SAW,Summer,TS,surfsum,Post,SAWsum,summer2017,SAWpost