,Project,CollectionID,WellCombo,PrimerPlate,Locus,ForwardPrimer,ReversePrimer,ForwardIndex,ReverseIndex,RevCompReverseIndex,WellRow,WellCol,SampleBarcode,CollectionLabel,FieldSite,SiteType,CollectionDate,SampleType,Habitat,Host,Trophic,Accessioned,PI,Metadata,Lat,Long,Hibiscus,rain,temp,solar,humid,clouds,evapo,is.neg
101014,BOT662,WMEA_01181_Pl_6,A01,7,bacterial16S,bcode_515FB,bcode_806RB,TCAGTGAC,GACATGAG,CTCATGTC,A,1,1181,1,7,Core Waimea,1/31/18,Stem,Terrestrial,Plant,PrimaryProducer,Yes,Anthony,Hibiscus_tiliaceus__swab,21.640717,-158.062517,TRUE,1174.206055,23.54051018,224.9454956,69.89497375,0.443650186,624.6124878,FALSE
101016,BOT662,WMEA_01230_Pl_2,A03,7,bacterial16S,bcode_515FB,bcode_806RB,AGGAGTTG,GACATGAG,CTCATGTC,A,3,1230,50,2,Core Waimea,1/31/18,Root,Terrestrial,Plant,PrimaryProducer,Yes,Anthony,Hibiscus_tiliaceus__swab,21.630334,-158.042707,TRUE,1495.045044,22.54442024,221.246994,74.65638733,0.47894001,1111.062012,FALSE
101017,BOT662,WMEA_01220_Pl_9,A04,7,bacterial16S,bcode_515FB,bcode_806RB,CCGGATAT,GACATGAG,CTCATGTC,A,4,1220,40,10,Other Waimea,1/31/18,Air,Terrestrial,Plant,PrimaryProducer,Yes,Anthony,Hibiscus_tiliaceus__swab,21.6366,-158.056967,TRUE,1248.900024,23.00263977,224.9947052,72.75171661,0.450271189,857.9177856,FALSE
101018,BOT662,WMEA_01203_Pl_7,A05,7,bacterial16S,bcode_515FB,bcode_806RB,AGTGGTCT,GACATGAG,CTCATGTC,A,5,1203,23,8,Other Waimea,1/31/18,Leaf,Terrestrial,Plant,PrimaryProducer,Yes,Anthony,Hibiscus_tiliaceus__swab,21.637,-158.056,TRUE,1278.045044,23.12869072,224.8312988,72.02871704,0.45269379,851.0280762,FALSE
101019,BOT662,WMEA_01185_Pl_6,A06,7,bacterial16S,bcode_515FB,bcode_806RB,CATCCATC,GACATGAG,CTCATGTC,A,6,1185,5,7,Core Waimea,1/31/18,Soil,Terrestrial,Plant,PrimaryProducer,Yes,Anthony,Hibiscus_tiliaceus__swab,21.640717,-158.062517,TRUE,1174.206055,23.54051018,224.9454956,69.89497375,0.443650186,624.6124878,FALSE
101021,BOT662,WMEA_01234_Pl_2,A08,7,bacterial16S,bcode_515FB,bcode_806RB,GTAGAGCA,GACATGAG,CTCATGTC,A,8,1234,54,2,Core Waimea,1/31/18,Litter,Terrestrial,Plant,PrimaryProducer,Yes,Anthony,Hibiscus_tiliaceus__swab,21.630334,-158.042707,TRUE,1495.045044,22.54442024,221.246994,74.65638733,0.47894001,1111.062012,FALSE
101022,BOT662,WMEA_01215_Pl_9,A09,7,bacterial16S,bcode_515FB,bcode_806RB,CTTGGTTC,GACATGAG,CTCATGTC,A,9,1215,35,10,Other Waimea,1/31/18,Axil,Terrestrial,Plant,PrimaryProducer,Yes,Anthony,Hibiscus_tiliaceus__swab,21.6366,-158.056967,TRUE,1248.900024,23.00263977,224.9947052,72.75171661,0.450271189,857.9177856,FALSE
101023,BOT662,WMEA_01200_Pl_7,A10,7,bacterial16S,bcode_515FB,bcode_806RB,AGCTAGGA,GACATGAG,CTCATGTC,A,10,1200,20,8,Other Waimea,1/31/18,Petiole,Terrestrial,Plant,PrimaryProducer,Yes,Anthony,Hibiscus_tiliaceus__swab,21.637,-158.056,TRUE,1278.045044,23.12869072,224.8312988,72.02871704,0.45269379,851.0280762,FALSE
101025,BOT662,WMEA_01189_Pl_6,B01,7,bacterial16S,bcode_515FB,bcode_806RB,TCAGTGAC,GAAGCAAC,GTTGCTTC,B,1,1189,9,6,Core Waimea,1/31/18,Stem,Terrestrial,Plant,PrimaryProducer,Yes,Anthony,Hibiscus_tiliaceus__swab,21.640267,-158.062683,TRUE,1174.206055,23.54051018,224.9454956,69.89497375,0.443650186,624.6124878,FALSE
101026,BOT662,WMEA_01253_Pl_4,B02,7,bacterial16S,bcode_515FB,bcode_806RB,CCTATACC,GAAGCAAC,GTTGCTTC,B,2,1253,73,4,Core Waimea,1/31/18,Stem,Terrestrial,Plant,PrimaryProducer,Yes,Anthony,Hibiscus_tiliaceus__swab,21.620442,-158.015624,TRUE,2026.730957,21.82192993,208.3751068,76.95213318,0.520858228,861.5280151,FALSE
101027,BOT662,WMEA_01238_Pl_3,B03,7,bacterial16S,bcode_515FB,bcode_806RB,AGGAGTTG,GAAGCAAC,GTTGCTTC,B,3,1238,58,3,Core Waimea,1/31/18,Root,Terrestrial,Plant,PrimaryProducer,Yes,Anthony,Hibiscus_tiliaceus__swab,21.631059,-158.047683,TRUE,1395.904053,23.29331017,221.5214996,70.91104889,0.466835886,932.0264282,FALSE
101028,BOT662,WMEA_01228_Pl_1,B04,7,bacterial16S,bcode_515FB,bcode_806RB,CCGGATAT,GAAGCAAC,GTTGCTTC,B,4,1228,48,1,Core Waimea,1/31/18,Air,Terrestrial,Plant,PrimaryProducer,Yes,Anthony,Hibiscus_tiliaceus__swab,21.63415,-158.05354,TRUE,1323.670044,23.39049911,222.6170044,70.48827362,0.458150208,848.1173096,FALSE
101029,BOT662,WMEA_01211_Pl_5,B05,7,bacterial16S,bcode_515FB,bcode_806RB,AGTGGTCT,GAAGCAAC,GTTGCTTC,B,5,1211,31,5,Core Waimea,1/31/18,Leaf,Terrestrial,Plant,PrimaryProducer,Yes,Anthony,Hibiscus_tiliaceus__swab,21.637467,-158.058267,TRUE,1245.245972,23.44584084,223.9517059,70.31404877,0.449458987,750.9354858,FALSE
101030,BOT662,WMEA_01193_Pl_6,B06,7,bacterial16S,bcode_515FB,bcode_806RB,CATCCATC,GAAGCAAC,GTTGCTTC,B,6,1193,13,6,Core Waimea,1/31/18,Soil,Terrestrial,Plant,PrimaryProducer,Yes,Anthony,Hibiscus_tiliaceus__swab,21.640267,-158.062683,TRUE,1174.206055,23.54051018,224.9454956,69.89497375,0.443650186,624.6124878,FALSE
101031,BOT662,WMEA_01257_Pl_4,B07,7,bacterial16S,bcode_515FB,bcode_806RB,TCACAGAC,GAAGCAAC,GTTGCTTC,B,7,1257,77,4,Core Waimea,1/31/18,Soil,Terrestrial,Plant,PrimaryProducer,Yes,Anthony,Hibiscus_tiliaceus__swab,21.620442,-158.015624,TRUE,2026.730957,21.82192993,208.3751068,76.95213318,0.520858228,861.5280151,FALSE
101032,BOT662,WMEA_01242_Pl_3,B08,7,bacterial16S,bcode_515FB,bcode_806RB,GTAGAGCA,GAAGCAAC,GTTGCTTC,B,8,1242,62,3,Core Waimea,1/31/18,Litter,Terrestrial,Plant,PrimaryProducer,Yes,Anthony,Hibiscus_tiliaceus__swab,21.631059,-158.047683,TRUE,1395.904053,23.29331017,221.5214996,70.91104889,0.466835886,932.0264282,FALSE
101033,BOT662,WMEA_01223_Pl_1,B09,7,bacterial16S,bcode_515FB,bcode_806RB,CTTGGTTC,GAAGCAAC,GTTGCTTC,B,9,1223,43,1,Core Waimea,1/31/18,Axil,Terrestrial,Plant,PrimaryProducer,Yes,Anthony,Hibiscus_tiliaceus__swab,21.63415,-158.05354,TRUE,1323.670044,23.39049911,222.6170044,70.48827362,0.458150208,848.1173096,FALSE
101034,BOT662,WMEA_01208_Pl_5,B10,7,bacterial16S,bcode_515FB,bcode_806RB,AGCTAGGA,GAAGCAAC,GTTGCTTC,B,10,1208,28,5,Core Waimea,1/31/18,Petiole,Terrestrial,Plant,PrimaryProducer,Yes,Anthony,Hibiscus_tiliaceus__swab,21.637467,-158.058267,TRUE,1245.245972,23.44584084,223.9517059,70.31404877,0.449458987,750.9354858,FALSE
101036,BOT662,WMEA_01197_Pl_7,C01,7,bacterial16S,bcode_515FB,bcode_806RB,TCAGTGAC,GAACCTAC,GTAGGTTC,C,1,1197,17,8,Other Waimea,1/31/18,Stem,Terrestrial,Plant,PrimaryProducer,Yes,Anthony,Hibiscus_tiliaceus__swab,21.637,-158.056,TRUE,1278.045044,23.12869072,224.8312988,72.02871704,0.45269379,851.0280762,FALSE
101037,BOT662,WMEA_01182_Pl_6,C02,7,bacterial16S,bcode_515FB,bcode_806RB,CCTATACC,GAACCTAC,GTAGGTTC,C,2,1182,2,7,Core Waimea,1/31/18,Root,Terrestrial,Plant,PrimaryProducer,Yes,Anthony,Hibiscus_tiliaceus__swab,21.640717,-158.062517,TRUE,1174.206055,23.54051018,224.9454956,69.89497375,0.443650186,624.6124878,FALSE
101039,BOT662,WMEA_01236_Pl_2,C04,7,bacterial16S,bcode_515FB,bcode_806RB,CCGGATAT,GAACCTAC,GTAGGTTC,C,4,1236,56,2,Core Waimea,1/31/18,Air,Terrestrial,Plant,PrimaryProducer,Yes,Anthony,Hibiscus_tiliaceus__swab,21.630334,-158.042707,TRUE,1495.045044,22.54442024,221.246994,74.65638733,0.47894001,1111.062012,FALSE
101040,BOT662,WMEA_01219_Pl_9,C05,7,bacterial16S,bcode_515FB,bcode_806RB,AGTGGTCT,GAACCTAC,GTAGGTTC,C,5,1219,39,10,Other Waimea,1/31/18,Leaf,Terrestrial,Plant,PrimaryProducer,Yes,Anthony,Hibiscus_tiliaceus__swab,21.6366,-158.056967,TRUE,1248.900024,23.00263977,224.9947052,72.75171661,0.450271189,857.9177856,FALSE
101041,BOT662,WMEA_01201_Pl_7,C06,7,bacterial16S,bcode_515FB,bcode_806RB,CATCCATC,GAACCTAC,GTAGGTTC,C,6,1201,21,8,Other Waimea,1/31/18,Soil,Terrestrial,Plant,PrimaryProducer,Yes,Anthony,Hibiscus_tiliaceus__swab,21.637,-158.056,TRUE,1278.045044,23.12869072,224.8312988,72.02871704,0.45269379,851.0280762,FALSE
101042,BOT662,WMEA_01186_Pl_6,C07,7,bacterial16S,bcode_515FB,bcode_806RB,TCACAGAC,GAACCTAC,GTAGGTTC,C,7,1186,6,7,Core Waimea,1/31/18,Litter,Terrestrial,Plant,PrimaryProducer,Yes,Anthony,Hibiscus_tiliaceus__swab,21.640717,-158.062517,TRUE,1174.206055,23.54051018,224.9454956,69.89497375,0.443650186,624.6124878,FALSE
101044,BOT662,WMEA_01231_Pl_2,C09,7,bacterial16S,bcode_515FB,bcode_806RB,CTTGGTTC,GAACCTAC,GTAGGTTC,C,9,1231,51,2,Core Waimea,1/31/18,Axil,Terrestrial,Plant,PrimaryProducer,Yes,Anthony,Hibiscus_tiliaceus__swab,21.630334,-158.042707,TRUE,1495.045044,22.54442024,221.246994,74.65638733,0.47894001,1111.062012,FALSE
101045,BOT662,WMEA_01216_Pl_9,C10,7,bacterial16S,bcode_515FB,bcode_806RB,AGCTAGGA,GAACCTAC,GTAGGTTC,C,10,1216,36,10,Other Waimea,1/31/18,Petiole,Terrestrial,Plant,PrimaryProducer,Yes,Anthony,Hibiscus_tiliaceus__swab,21.6366,-158.056967,TRUE,1248.900024,23.00263977,224.9947052,72.75171661,0.450271189,857.9177856,FALSE
101047,BOT662,WMEA_01205_Pl_5,D01,7,bacterial16S,bcode_515FB,bcode_806RB,TCAGTGAC,AAGGTTGG,CCAACCTT,D,1,1205,25,5,Core Waimea,1/31/18,Stem,Terrestrial,Plant,PrimaryProducer,Yes,Anthony,Hibiscus_tiliaceus__swab,21.637467,-158.058267,TRUE,1245.245972,23.44584084,223.9517059,70.31404877,0.449458987,750.9354858,FALSE
101048,BOT662,WMEA_01190_Pl_6,D02,7,bacterial16S,bcode_515FB,bcode_806RB,CCTATACC,AAGGTTGG,CCAACCTT,D,2,1190,10,6,Core Waimea,1/31/18,Root,Terrestrial,Plant,PrimaryProducer,Yes,Anthony,Hibiscus_tiliaceus__swab,21.640267,-158.062683,TRUE,1174.206055,23.54051018,224.9454956,69.89497375,0.443650186,624.6124878,FALSE
101049,BOT662,WMEA_01254_Pl_4,D03,7,bacterial16S,bcode_515FB,bcode_806RB,AGGAGTTG,AAGGTTGG,CCAACCTT,D,3,1254,74,4,Core Waimea,1/31/18,Root,Terrestrial,Plant,PrimaryProducer,Yes,Anthony,Hibiscus_tiliaceus__swab,21.620442,-158.015624,TRUE,2026.730957,21.82192993,208.3751068,76.95213318,0.520858228,861.5280151,FALSE
101050,BOT662,WMEA_01244_Pl_3,D04,7,bacterial16S,bcode_515FB,bcode_806RB,CCGGATAT,AAGGTTGG,CCAACCTT,D,4,1244,64,3,Core Waimea,1/31/18,Air,Terrestrial,Plant,PrimaryProducer,Yes,Anthony,Hibiscus_tiliaceus__swab,21.631059,-158.047683,TRUE,1395.904053,23.29331017,221.5214996,70.91104889,0.466835886,932.0264282,FALSE
101051,BOT662,WMEA_01227_Pl_1,D05,7,bacterial16S,bcode_515FB,bcode_806RB,AGTGGTCT,AAGGTTGG,CCAACCTT,D,5,1227,47,1,Core Waimea,1/31/18,Leaf,Terrestrial,Plant,PrimaryProducer,Yes,Anthony,Hibiscus_tiliaceus__swab,21.63415,-158.05354,TRUE,1323.670044,23.39049911,222.6170044,70.48827362,0.458150208,848.1173096,FALSE
101052,BOT662,WMEA_01209_Pl_5,D06,7,bacterial16S,bcode_515FB,bcode_806RB,CATCCATC,AAGGTTGG,CCAACCTT,D,6,1209,29,5,Core Waimea,1/31/18,Soil,Terrestrial,Plant,PrimaryProducer,Yes,Anthony,Hibiscus_tiliaceus__swab,21.637467,-158.058267,TRUE,1245.245972,23.44584084,223.9517059,70.31404877,0.449458987,750.9354858,FALSE
101053,BOT662,WMEA_01194_Pl_6,D07,7,bacterial16S,bcode_515FB,bcode_806RB,TCACAGAC,AAGGTTGG,CCAACCTT,D,7,1194,14,6,Core Waimea,1/31/18,Litter,Terrestrial,Plant,PrimaryProducer,Yes,Anthony,Hibiscus_tiliaceus__swab,21.640267,-158.062683,TRUE,1174.206055,23.54051018,224.9454956,69.89497375,0.443650186,624.6124878,FALSE
101054,BOT662,WMEA_01258_Pl_4,D08,7,bacterial16S,bcode_515FB,bcode_806RB,GTAGAGCA,AAGGTTGG,CCAACCTT,D,8,1258,78,4,Core Waimea,1/31/18,Litter,Terrestrial,Plant,PrimaryProducer,Yes,Anthony,Hibiscus_tiliaceus__swab,21.620442,-158.015624,TRUE,2026.730957,21.82192993,208.3751068,76.95213318,0.520858228,861.5280151,FALSE
101055,BOT662,WMEA_01239_Pl_3,D09,7,bacterial16S,bcode_515FB,bcode_806RB,CTTGGTTC,AAGGTTGG,CCAACCTT,D,9,1239,59,3,Core Waimea,1/31/18,Axil,Terrestrial,Plant,PrimaryProducer,Yes,Anthony,Hibiscus_tiliaceus__swab,21.631059,-158.047683,TRUE,1395.904053,23.29331017,221.5214996,70.91104889,0.466835886,932.0264282,FALSE
101056,BOT662,WMEA_01224_Pl_1,D10,7,bacterial16S,bcode_515FB,bcode_806RB,AGCTAGGA,AAGGTTGG,CCAACCTT,D,10,1224,44,1,Core Waimea,1/31/18,Petiole,Terrestrial,Plant,PrimaryProducer,Yes,Anthony,Hibiscus_tiliaceus__swab,21.63415,-158.05354,TRUE,1323.670044,23.39049911,222.6170044,70.48827362,0.458150208,848.1173096,FALSE
101058,BOT662,WMEA_01213_Pl_9,E01,7,bacterial16S,bcode_515FB,bcode_806RB,TCAGTGAC,GAAGGTTG,CAACCTTC,E,1,1213,33,10,Other Waimea,1/31/18,Stem,Terrestrial,Plant,PrimaryProducer,Yes,Anthony,Hibiscus_tiliaceus__swab,21.6366,-158.056967,TRUE,1248.900024,23.00263977,224.9947052,72.75171661,0.450271189,857.9177856,FALSE
101059,BOT662,WMEA_01198_Pl_7,E02,7,bacterial16S,bcode_515FB,bcode_806RB,CCTATACC,GAAGGTTG,CAACCTTC,E,2,1198,18,8,Other Waimea,1/31/18,Root,Terrestrial,Plant,PrimaryProducer,Yes,Anthony,Hibiscus_tiliaceus__swab,21.637,-158.056,TRUE,1278.045044,23.12869072,224.8312988,72.02871704,0.45269379,851.0280762,FALSE
101060,BOT662,WMEA_01188_Pl_6,E03,7,bacterial16S,bcode_515FB,bcode_806RB,AGGAGTTG,GAAGGTTG,CAACCTTC,E,3,1188,8,7,Core Waimea,1/31/18,Air,Terrestrial,Plant,PrimaryProducer,Yes,Anthony,Hibiscus_tiliaceus__swab,21.640717,-158.062517,TRUE,1174.206055,23.54051018,224.9454956,69.89497375,0.443650186,624.6124878,FALSE
101062,BOT662,WMEA_01235_Pl_2,E05,7,bacterial16S,bcode_515FB,bcode_806RB,AGTGGTCT,GAAGGTTG,CAACCTTC,E,5,1235,55,2,Core Waimea,1/31/18,Leaf,Terrestrial,Plant,PrimaryProducer,Yes,Anthony,Hibiscus_tiliaceus__swab,21.630334,-158.042707,TRUE,1495.045044,22.54442024,221.246994,74.65638733,0.47894001,1111.062012,FALSE
101063,BOT662,WMEA_01217_Pl_9,E06,7,bacterial16S,bcode_515FB,bcode_806RB,CATCCATC,GAAGGTTG,CAACCTTC,E,6,1217,37,10,Other Waimea,1/31/18,Soil,Terrestrial,Plant,PrimaryProducer,Yes,Anthony,Hibiscus_tiliaceus__swab,21.6366,-158.056967,TRUE,1248.900024,23.00263977,224.9947052,72.75171661,0.450271189,857.9177856,FALSE
101064,BOT662,WMEA_01202_Pl_7,E07,7,bacterial16S,bcode_515FB,bcode_806RB,TCACAGAC,GAAGGTTG,CAACCTTC,E,7,1202,22,8,Other Waimea,1/31/18,Litter,Terrestrial,Plant,PrimaryProducer,Yes,Anthony,Hibiscus_tiliaceus__swab,21.637,-158.056,TRUE,1278.045044,23.12869072,224.8312988,72.02871704,0.45269379,851.0280762,FALSE
101065,BOT662,WMEA_01183_Pl_6,E08,7,bacterial16S,bcode_515FB,bcode_806RB,GTAGAGCA,GAAGGTTG,CAACCTTC,E,8,1183,3,7,Core Waimea,1/31/18,Axil,Terrestrial,Plant,PrimaryProducer,Yes,Anthony,Hibiscus_tiliaceus__swab,21.640717,-158.062517,TRUE,1174.206055,23.54051018,224.9454956,69.89497375,0.443650186,624.6124878,FALSE
101067,BOT662,WMEA_01232_Pl_2,E10,7,bacterial16S,bcode_515FB,bcode_806RB,AGCTAGGA,GAAGGTTG,CAACCTTC,E,10,1232,52,2,Core Waimea,1/31/18,Petiole,Terrestrial,Plant,PrimaryProducer,Yes,Anthony,Hibiscus_tiliaceus__swab,21.630334,-158.042707,TRUE,1495.045044,22.54442024,221.246994,74.65638733,0.47894001,1111.062012,FALSE
101068,BOT662,WMEA_01221_Pl_1,F01,7,bacterial16S,bcode_515FB,bcode_806RB,TCAGTGAC,CATCGAAC,GTTCGATG,F,1,1221,41,1,Core Waimea,1/31/18,Stem,Terrestrial,Plant,PrimaryProducer,Yes,Anthony,Hibiscus_tiliaceus__swab,21.63415,-158.05354,TRUE,1323.670044,23.39049911,222.6170044,70.48827362,0.458150208,848.1173096,FALSE
101069,BOT662,WMEA_01206_Pl_5,F02,7,bacterial16S,bcode_515FB,bcode_806RB,CCTATACC,CATCGAAC,GTTCGATG,F,2,1206,26,5,Core Waimea,1/31/18,Root,Terrestrial,Plant,PrimaryProducer,Yes,Anthony,Hibiscus_tiliaceus__swab,21.637467,-158.058267,TRUE,1245.245972,23.44584084,223.9517059,70.31404877,0.449458987,750.9354858,FALSE
101070,BOT662,WMEA_01196_Pl_6,F03,7,bacterial16S,bcode_515FB,bcode_806RB,AGGAGTTG,CATCGAAC,GTTCGATG,F,3,1196,16,6,Core Waimea,1/31/18,Air,Terrestrial,Plant,PrimaryProducer,Yes,Anthony,Hibiscus_tiliaceus__swab,21.640267,-158.062683,TRUE,1174.206055,23.54051018,224.9454956,69.89497375,0.443650186,624.6124878,FALSE
101071,BOT662,WMEA_01260_Pl_4,F04,7,bacterial16S,bcode_515FB,bcode_806RB,CCGGATAT,CATCGAAC,GTTCGATG,F,4,1260,80,4,Core Waimea,1/31/18,Air,Terrestrial,Plant,PrimaryProducer,Yes,Anthony,Hibiscus_tiliaceus__swab,21.620442,-158.015624,TRUE,2026.730957,21.82192993,208.3751068,76.95213318,0.520858228,861.5280151,FALSE
101072,BOT662,WMEA_01243_Pl_3,F05,7,bacterial16S,bcode_515FB,bcode_806RB,AGTGGTCT,CATCGAAC,GTTCGATG,F,5,1243,63,3,Core Waimea,1/31/18,Leaf,Terrestrial,Plant,PrimaryProducer,Yes,Anthony,Hibiscus_tiliaceus__swab,21.631059,-158.047683,TRUE,1395.904053,23.29331017,221.5214996,70.91104889,0.466835886,932.0264282,FALSE
101073,BOT662,WMEA_01225_Pl_1,F06,7,bacterial16S,bcode_515FB,bcode_806RB,CATCCATC,CATCGAAC,GTTCGATG,F,6,1225,45,1,Core Waimea,1/31/18,Soil,Terrestrial,Plant,PrimaryProducer,Yes,Anthony,Hibiscus_tiliaceus__swab,21.63415,-158.05354,TRUE,1323.670044,23.39049911,222.6170044,70.48827362,0.458150208,848.1173096,FALSE
101074,BOT662,WMEA_01210_Pl_5,F07,7,bacterial16S,bcode_515FB,bcode_806RB,TCACAGAC,CATCGAAC,GTTCGATG,F,7,1210,30,5,Core Waimea,1/31/18,Litter,Terrestrial,Plant,PrimaryProducer,Yes,Anthony,Hibiscus_tiliaceus__swab,21.637467,-158.058267,TRUE,1245.245972,23.44584084,223.9517059,70.31404877,0.449458987,750.9354858,FALSE
101075,BOT662,WMEA_01191_Pl_6,F08,7,bacterial16S,bcode_515FB,bcode_806RB,GTAGAGCA,CATCGAAC,GTTCGATG,F,8,1191,11,6,Core Waimea,1/31/18,Axil,Terrestrial,Plant,PrimaryProducer,Yes,Anthony,Hibiscus_tiliaceus__swab,21.640267,-158.062683,TRUE,1174.206055,23.54051018,224.9454956,69.89497375,0.443650186,624.6124878,FALSE
101076,BOT662,WMEA_01255_Pl_4,F09,7,bacterial16S,bcode_515FB,bcode_806RB,CTTGGTTC,CATCGAAC,GTTCGATG,F,9,1255,75,4,Core Waimea,1/31/18,Axil,Terrestrial,Plant,PrimaryProducer,Yes,Anthony,Hibiscus_tiliaceus__swab,21.620442,-158.015624,TRUE,2026.730957,21.82192993,208.3751068,76.95213318,0.520858228,861.5280151,FALSE
101077,BOT662,WMEA_01240_Pl_3,F10,7,bacterial16S,bcode_515FB,bcode_806RB,AGCTAGGA,CATCGAAC,GTTCGATG,F,10,1240,60,3,Core Waimea,1/31/18,Petiole,Terrestrial,Plant,PrimaryProducer,Yes,Anthony,Hibiscus_tiliaceus__swab,21.631059,-158.047683,TRUE,1395.904053,23.29331017,221.5214996,70.91104889,0.466835886,932.0264282,FALSE
101078,BOT662,WMEA_01229_Pl_2,G01,7,bacterial16S,bcode_515FB,bcode_806RB,TCAGTGAC,ACGATCCA,TGGATCGT,G,1,1229,49,2,Core Waimea,1/31/18,Stem,Terrestrial,Plant,PrimaryProducer,Yes,Anthony,Hibiscus_tiliaceus__swab,21.630334,-158.042707,TRUE,1495.045044,22.54442024,221.246994,74.65638733,0.47894001,1111.062012,FALSE
101079,BOT662,WMEA_01214_Pl_9,G02,7,bacterial16S,bcode_515FB,bcode_806RB,CCTATACC,ACGATCCA,TGGATCGT,G,2,1214,34,10,Other Waimea,1/31/18,Root,Terrestrial,Plant,PrimaryProducer,Yes,Anthony,Hibiscus_tiliaceus__swab,21.6366,-158.056967,TRUE,1248.900024,23.00263977,224.9947052,72.75171661,0.450271189,857.9177856,FALSE
101080,BOT662,WMEA_01204_Pl_7,G03,7,bacterial16S,bcode_515FB,bcode_806RB,AGGAGTTG,ACGATCCA,TGGATCGT,G,3,1204,24,8,Other Waimea,1/31/18,Air,Terrestrial,Plant,PrimaryProducer,Yes,Anthony,Hibiscus_tiliaceus__swab,21.637,-158.056,TRUE,1278.045044,23.12869072,224.8312988,72.02871704,0.45269379,851.0280762,FALSE
101081,BOT662,WMEA_01187_Pl_6,G04,7,bacterial16S,bcode_515FB,bcode_806RB,CCGGATAT,ACGATCCA,TGGATCGT,G,4,1187,7,7,Core Waimea,1/31/18,Leaf,Terrestrial,Plant,PrimaryProducer,Yes,Anthony,Hibiscus_tiliaceus__swab,21.640717,-158.062517,TRUE,1174.206055,23.54051018,224.9454956,69.89497375,0.443650186,624.6124878,FALSE
101083,BOT662,WMEA_01233_Pl_2,G06,7,bacterial16S,bcode_515FB,bcode_806RB,CATCCATC,ACGATCCA,TGGATCGT,G,6,1233,53,2,Core Waimea,1/31/18,Soil,Terrestrial,Plant,PrimaryProducer,Yes,Anthony,Hibiscus_tiliaceus__swab,21.630334,-158.042707,TRUE,1495.045044,22.54442024,221.246994,74.65638733,0.47894001,1111.062012,FALSE
101084,BOT662,WMEA_01218_Pl_9,G07,7,bacterial16S,bcode_515FB,bcode_806RB,TCACAGAC,ACGATCCA,TGGATCGT,G,7,1218,38,10,Other Waimea,1/31/18,Litter,Terrestrial,Plant,PrimaryProducer,Yes,Anthony,Hibiscus_tiliaceus__swab,21.6366,-158.056967,TRUE,1248.900024,23.00263977,224.9947052,72.75171661,0.450271189,857.9177856,FALSE
101085,BOT662,WMEA_01199_Pl_7,G08,7,bacterial16S,bcode_515FB,bcode_806RB,GTAGAGCA,ACGATCCA,TGGATCGT,G,8,1199,19,8,Other Waimea,1/31/18,Axil,Terrestrial,Plant,PrimaryProducer,Yes,Anthony,Hibiscus_tiliaceus__swab,21.637,-158.056,TRUE,1278.045044,23.12869072,224.8312988,72.02871704,0.45269379,851.0280762,FALSE
101086,BOT662,WMEA_01184_Pl_6,G09,7,bacterial16S,bcode_515FB,bcode_806RB,CTTGGTTC,ACGATCCA,TGGATCGT,G,9,1184,4,7,Core Waimea,1/31/18,Petiole,Terrestrial,Plant,PrimaryProducer,Yes,Anthony,Hibiscus_tiliaceus__swab,21.640717,-158.062517,TRUE,1174.206055,23.54051018,224.9454956,69.89497375,0.443650186,624.6124878,FALSE
101088,BOT662,WMEA_01237_Pl_3,H01,7,bacterial16S,bcode_515FB,bcode_806RB,TCAGTGAC,CTACAGCA,TGCTGTAG,H,1,1237,57,3,Core Waimea,1/31/18,Stem,Terrestrial,Plant,PrimaryProducer,Yes,Anthony,Hibiscus_tiliaceus__swab,21.631059,-158.047683,TRUE,1395.904053,23.29331017,221.5214996,70.91104889,0.466835886,932.0264282,FALSE
101089,BOT662,WMEA_01222_Pl_1,H02,7,bacterial16S,bcode_515FB,bcode_806RB,CCTATACC,CTACAGCA,TGCTGTAG,H,2,1222,42,1,Core Waimea,1/31/18,Root,Terrestrial,Plant,PrimaryProducer,Yes,Anthony,Hibiscus_tiliaceus__swab,21.63415,-158.05354,TRUE,1323.670044,23.39049911,222.6170044,70.48827362,0.458150208,848.1173096,FALSE
101090,BOT662,WMEA_01212_Pl_5,H03,7,bacterial16S,bcode_515FB,bcode_806RB,AGGAGTTG,CTACAGCA,TGCTGTAG,H,3,1212,32,5,Core Waimea,1/31/18,Air,Terrestrial,Plant,PrimaryProducer,Yes,Anthony,Hibiscus_tiliaceus__swab,21.637467,-158.058267,TRUE,1245.245972,23.44584084,223.9517059,70.31404877,0.449458987,750.9354858,FALSE
101091,BOT662,WMEA_01195_Pl_6,H04,7,bacterial16S,bcode_515FB,bcode_806RB,CCGGATAT,CTACAGCA,TGCTGTAG,H,4,1195,15,6,Core Waimea,1/31/18,Leaf,Terrestrial,Plant,PrimaryProducer,Yes,Anthony,Hibiscus_tiliaceus__swab,21.640267,-158.062683,TRUE,1174.206055,23.54051018,224.9454956,69.89497375,0.443650186,624.6124878,FALSE
101092,BOT662,WMEA_01259_Pl_4,H05,7,bacterial16S,bcode_515FB,bcode_806RB,AGTGGTCT,CTACAGCA,TGCTGTAG,H,5,1259,79,4,Core Waimea,1/31/18,Leaf,Terrestrial,Plant,PrimaryProducer,Yes,Anthony,Hibiscus_tiliaceus__swab,21.620442,-158.015624,TRUE,2026.730957,21.82192993,208.3751068,76.95213318,0.520858228,861.5280151,FALSE
101093,BOT662,WMEA_01241_Pl_3,H06,7,bacterial16S,bcode_515FB,bcode_806RB,CATCCATC,CTACAGCA,TGCTGTAG,H,6,1241,61,3,Core Waimea,1/31/18,Soil,Terrestrial,Plant,PrimaryProducer,Yes,Anthony,Hibiscus_tiliaceus__swab,21.631059,-158.047683,TRUE,1395.904053,23.29331017,221.5214996,70.91104889,0.466835886,932.0264282,FALSE
101094,BOT662,WMEA_01226_Pl_1,H07,7,bacterial16S,bcode_515FB,bcode_806RB,TCACAGAC,CTACAGCA,TGCTGTAG,H,7,1226,46,1,Core Waimea,1/31/18,Litter,Terrestrial,Plant,PrimaryProducer,Yes,Anthony,Hibiscus_tiliaceus__swab,21.63415,-158.05354,TRUE,1323.670044,23.39049911,222.6170044,70.48827362,0.458150208,848.1173096,FALSE
101095,BOT662,WMEA_01207_Pl_5,H08,7,bacterial16S,bcode_515FB,bcode_806RB,GTAGAGCA,CTACAGCA,TGCTGTAG,H,8,1207,27,5,Core Waimea,1/31/18,Axil,Terrestrial,Plant,PrimaryProducer,Yes,Anthony,Hibiscus_tiliaceus__swab,21.637467,-158.058267,TRUE,1245.245972,23.44584084,223.9517059,70.31404877,0.449458987,750.9354858,FALSE
101096,BOT662,WMEA_01192_Pl_6,H09,7,bacterial16S,bcode_515FB,bcode_806RB,CTTGGTTC,CTACAGCA,TGCTGTAG,H,9,1192,12,6,Core Waimea,1/31/18,Petiole,Terrestrial,Plant,PrimaryProducer,Yes,Anthony,Hibiscus_tiliaceus__swab,21.640267,-158.062683,TRUE,1174.206055,23.54051018,224.9454956,69.89497375,0.443650186,624.6124878,FALSE
101097,BOT662,WMEA_01256_Pl_4,H10,7,bacterial16S,bcode_515FB,bcode_806RB,AGCTAGGA,CTACAGCA,TGCTGTAG,H,10,1256,76,4,Core Waimea,1/31/18,Petiole,Terrestrial,Plant,PrimaryProducer,Yes,Anthony,Hibiscus_tiliaceus__swab,21.620442,-158.015624,TRUE,2026.730957,21.82192993,208.3751068,76.95213318,0.520858228,861.5280151,FALSE