"","X.1","X","sample.id","sample_type","Treatment","burn","burn_severity","Al","B","C","Ca","Cd","Cr","Cu","Fe","ID","K","Lab.x","Lab.y","LBC.1","LBCeq","Mg","Mn","Mo","N","Na","NH4.N","Ni","NO3.N","P","Pb","pH.2","plot","plot.num","S","Zn"
"B05.coarse.16S_redo","B05.coarse.16S_redo","B05.coarse.16S_redo","B05-coarse-16S_redo","Rhizome","Burned","B","High","31.305",11.03,50.164,1.09228,"<0.80","<1.00","2.774",46.05,"BC05",0.67394,NA,6120,NA,NA,0.08711,18.898,"<1.00",0.441,"1256.15",NA,"<1.00",NA,0.11237,"<2.00",NA,"B05",5,0.05251,39.01
"U05.soil.16s_redo","U05.soil.16s_redo","U05.soil.16s_redo","U05-soil-16s_redo","Bulk soil","Unburned","U","Unburned",NA,NA,14.877,NA,NA,NA,NA,NA,"UB05",NA,51340,NA,1406,4077.4,NA,NA,NA,0.798,NA,55.69,NA,0.15,NA,NA,6.7,"U05",5,NA,NA
"U05.soil.16s.A","U05.soil.16s.A","U05.soil.16s.A","U05-soil-16s-A","Bulk soil","Unburned","U","Unburned",NA,NA,14.877,NA,NA,NA,NA,NA,"UB05",NA,51340,NA,1406,4077.4,NA,NA,NA,0.798,NA,55.69,NA,0.15,NA,NA,6.7,"U05",5,NA,NA
"U09.coarse.16S.C","U09.coarse.16S.C","U09.coarse.16S.C","U09-coarse-16S-C","Rhizome","Unburned","U","Unburned","27.586",11.475,50.986,1.05955,"0.82","<1.00","3.832",43.489,"UC09",0.5119,NA,6142,NA,NA,0.11339,23.645,"<1.00",0.331,"1086.76",NA,"1.264",NA,0.13473,"<2.00",NA,"U09",9,0.05273,27.708
"B01.fine.16s","B01.fine.16s","B01.fine.16s","B01-fine-16s","Fine root","Burned","B","High","230.713",18.773,49.599,0.83031,"<1.18","2.169","12.119",320.296,"BF01",0.72203,NA,6143,NA,NA,0.1524,47.632,"<1.47",1.722,"10350.5",NA,"7.143",NA,0.27367,"<2.94",NA,"B01",1,0.13549,78.803
"B01.rhizo.16s","B01.rhizo.16s","B01.rhizo.16s","B01-rhizo-16s","Rhizosphere","Burned","B","High",NA,NA,10.702,NA,NA,NA,NA,NA,"BR01",NA,51345,NA,2026,5875.4,NA,NA,NA,0.77,NA,NA,NA,NA,NA,NA,6.99,"B01",1,NA,NA
"B01.soil.16s","B01.soil.16s","B01.soil.16s","B01-soil-16s","Bulk soil","Burned","B","High",NA,NA,11.925,NA,NA,NA,NA,NA,"BB01",NA,51318,NA,1376,3990.4,NA,NA,NA,0.762,NA,118.47,NA,17.28,NA,NA,7.35,"B01",1,NA,NA
"B02.fine.16s","B02.fine.16s","B02.fine.16s","B02-fine-16s","Fine root","Burned","B","High","225.394",9.263,51.317,0.48316,"<0.81","1.232","6.656",63.272,"BF02",0.2887,NA,6144,NA,NA,0.10838,86.96,"<1.02",0.407,"2699.59",NA,"1.385",NA,0.07646,"<2.04",NA,"B02",2,0.11702,24.175
"B02.rhizo.16s","B02.rhizo.16s","B02.rhizo.16s","B02-rhizo-16s","Rhizosphere","Burned","B","High",NA,NA,6.951,NA,NA,NA,NA,NA,"BR02",NA,51346,NA,1067,3094.3,NA,NA,NA,0.413,NA,NA,NA,NA,NA,NA,6.81,"B02",2,NA,NA
"B02.soil.16s","B02.soil.16s","B02.soil.16s","B02-soil-16s","Bulk soil","Burned","B","High",NA,NA,20.694,NA,NA,NA,NA,NA,"BB02",NA,51319,NA,1608,4663.2,NA,NA,NA,1.148,NA,152.59,NA,18.05,NA,NA,6.99,"B02",2,NA,NA
"B03.fine.16s","B03.fine.16s","B03.fine.16s","B03-fine-16s","Fine root","Burned","B","High","338.913",23.024,50.442,1.16769,"<2.39","3.478","9.932",560.324,"BF03",0.46597,NA,6145,NA,NA,0.14299,61.765,"<2.99",1.213,"3588.06",NA,"5.944",NA,0.24642,"<5.98",NA,"B03",3,0.10543,42.807
"B03.rhizo.16s","B03.rhizo.16s","B03.rhizo.16s","B03-rhizo-16s","Rhizosphere","Burned","B","High",NA,NA,14.265,NA,NA,NA,NA,NA,"BR03",NA,51347,NA,1896,5498.4,NA,NA,NA,0.812,NA,NA,NA,NA,NA,NA,7.29,"B03",3,NA,NA
"B03.soil.16s","B03.soil.16s","B03.soil.16s","B03-soil-16s","Bulk soil","Burned","B","High",NA,NA,8.52,NA,NA,NA,NA,NA,"BB03",NA,51320,NA,1156,3352.4,NA,NA,NA,0.452,NA,71.64,NA,13.8,NA,NA,7.55,"B03",3,NA,NA
"B04.rhizo.16s","B04.rhizo.16s","B04.rhizo.16s","B04-rhizo-16s","Rhizosphere","Burned","B","High",NA,NA,25.156,NA,NA,NA,NA,NA,"BR04",NA,51348,NA,3402,9865.8,NA,NA,NA,1.189,NA,NA,NA,NA,NA,NA,7.11,"B04",4,NA,NA
"B04.soil.16s","B04.soil.16s","B04.soil.16s","B04-soil-16s","Bulk soil","Burned","B","High",NA,NA,7.442,NA,NA,NA,NA,NA,"BB04",NA,51321,NA,938,2720.2,NA,NA,NA,0.36,NA,43.53,NA,2.63,NA,NA,6.74,"B04",4,NA,NA
"B05.fine.16s","B05.fine.16s","B05.fine.16s","B05-fine-16s","Fine root","Burned","B","High","434.775",30.039,53.673,1.32584,"<3.02","4.688","11.206",349.783,"BF05",0.52727,NA,6147,NA,NA,0.13612,493.964,"<3.78",0.683,"4656.07",NA,"4.487",NA,0.18363,"<7.55",NA,"B05",5,0.09951,72.31
"B05.rhizo.16s","B05.rhizo.16s","B05.rhizo.16s","B05-rhizo-16s","Rhizosphere","Burned","B","High",NA,NA,20.367,NA,NA,NA,NA,NA,"BR05",NA,51349,NA,2470,7163,NA,NA,NA,0.874,NA,NA,NA,NA,NA,NA,6.53,"B05",5,NA,NA
"B05.soil.16s","B05.soil.16s","B05.soil.16s","B05-soil-16s","Bulk soil","Burned","B","High",NA,NA,8.524,NA,NA,NA,NA,NA,"BB05",NA,51322,NA,1331,3859.9,NA,NA,NA,0.48,NA,49.21,NA,3.62,NA,NA,6.97,"B05",5,NA,NA
"B06.fine.16s","B06.fine.16s","B06.fine.16s","B06-fine-16s","Fine root","Burned","B","High","656.447",31.438,59.796,0.78596,"<5.56","12.5","19.497",735.353,"BF06",0.43366,NA,6148,NA,NA,0.1282,137.202,"<6.94",1.493,"9937.65",NA,"11.432",NA,0.20514,"<13.89",NA,"B06",6,0.60303,47.967
"B06.rhizo.16s","B06.rhizo.16s","B06.rhizo.16s","B06-rhizo-16s","Rhizosphere","Burned","B","High",NA,NA,12.848,NA,NA,NA,NA,NA,"BR06",NA,51350,NA,1689,4898.1,NA,NA,NA,0.836,NA,NA,NA,NA,NA,NA,7.24,"B06",6,NA,NA
"B06.soil.16s","B06.soil.16s","B06.soil.16s","B06-soil-16s","Bulk soil","Burned","B","High",NA,NA,7.714,NA,NA,NA,NA,NA,"BB06",NA,51323,NA,1093,3169.7,NA,NA,NA,0.509,NA,53.01,NA,15.62,NA,NA,7.13,"B06",6,NA,NA
"B07.fine.16s","B07.fine.16s","B07.fine.16s","B07-fine-16s","Fine root","Burned","B","High","985.243",23.901,49.009,1.29423,"<1.02","5.323","28.526",975.736,"BF07",0.38962,NA,6149,NA,NA,0.1423,100.263,"1.297",0.754,"7463.42",NA,"4.775",NA,0.13411,"<2.54",NA,"B07",7,0.09194,47.621
"B07.rhizo.16s","B07.rhizo.16s","B07.rhizo.16s","B07-rhizo-16s","Rhizosphere","Burned","B","High",NA,NA,12.14,NA,NA,NA,NA,NA,"BR07",NA,51351,NA,1657,4805.3,NA,NA,NA,0.734,NA,NA,NA,NA,NA,NA,7.44,"B07",7,NA,NA
"B07.soil.16s","B07.soil.16s","B07.soil.16s","B07-soil-16s","Bulk soil","Burned","B","High",NA,NA,5.868,NA,NA,NA,NA,NA,"BB07",NA,51324,NA,1306,3787.4,NA,NA,NA,0.305,NA,98.93,NA,4.99,NA,NA,7.59,"B07",7,NA,NA
"B08.fine.16s.1","B08.fine.16s.1","B08.fine.16s.1","B08-fine-16s-1","Fine root","Burned","B","High","422.37",15.411,52.184,1.19108,"<0.80","1.609","10.076",263.24,"BF08",0.46295,NA,6150,NA,NA,0.12464,393.239,"<1.00",0.563,"3395.19",NA,"2.211",NA,0.24561,"3.848",NA,"B08",8,0.07006,33.856
"B08.rhizo.16s","B08.rhizo.16s","B08.rhizo.16s","B08-rhizo-16s","Rhizosphere","Burned","B","High",NA,NA,6.396,NA,NA,NA,NA,NA,"BR08",NA,51352,NA,4427,12838.3,NA,NA,NA,0.292,NA,NA,NA,NA,NA,NA,6.56,"B08",8,NA,NA
"B08.soil.16s","B08.soil.16s","B08.soil.16s","B08-soil-16s","Bulk soil","Burned","B","High",NA,NA,3.121,NA,NA,NA,NA,NA,"BB08",NA,51325,NA,881,2554.9,NA,NA,NA,0.176,NA,47.49,NA,0.58,NA,NA,6.68,"B08",8,NA,NA
"B09.fine.16s","B09.fine.16s","B09.fine.16s","B09-fine-16s","Fine root","Burned","B","High","444.845",29.116,51.187,0.78335,"<4.54","<5.68","30.617",416.641,"BF09",0.57995,NA,6151,NA,NA,0.13262,164.081,"8.114",0.895,"8530.94",NA,"9.81",NA,0.1998,"<11.36",NA,"B09",9,0.08102,54.872
"B09.rhizo.16s","B09.rhizo.16s","B09.rhizo.16s","B09-rhizo-16s","Rhizosphere","Burned","B","High",NA,NA,10.152,NA,NA,NA,NA,NA,"BR09",NA,51353,NA,1733,5025.7,NA,NA,NA,0.465,NA,NA,NA,NA,NA,NA,6.99,"B09",9,NA,NA
"B09.soil.16s","B09.soil.16s","B09.soil.16s","B09-soil-16s","Bulk soil","Burned","B","High",NA,NA,5.311,NA,NA,NA,NA,NA,"BB09",NA,51326,NA,822,2383.8,NA,NA,NA,0.313,NA,45.83,NA,0.93,NA,NA,7.08,"B09",9,NA,NA
"B10.fine.16s","B10.fine.16s","B10.fine.16s","B10-fine-16s","Fine root","Burned","B","Moderate","264.934",29.368,52.132,0.97585,"<1.38","2.897","67.573",407.214,"BF10",0.59854,NA,6152,NA,NA,0.16453,131.632,"<1.73",1.009,"4463.27",NA,"1.85",NA,0.18229,"<3.45",NA,"B10",10,0.10465,42.984
"B10.rhizo.16s","B10.rhizo.16s","B10.rhizo.16s","B10-rhizo-16s","Rhizosphere","Burned","B","Moderate",NA,NA,27.621,NA,NA,NA,NA,NA,"BR10",NA,51354,NA,2228,6461.2,NA,NA,NA,1.447,NA,NA,NA,NA,NA,NA,6.69,"B10",10,NA,NA
"B10.soil.16s","B10.soil.16s","B10.soil.16s","B10-soil-16s","Bulk soil","Burned","B","Moderate",NA,NA,5.843,NA,NA,NA,NA,NA,"BB10",NA,51327,NA,818,2372.2,NA,NA,NA,0.341,NA,38.21,NA,5.91,NA,NA,6.33,"B10",10,NA,NA
"B11.fine.16s","B11.fine.16s","B11.fine.16s","B11-fine-16s","Fine root","Burned","B","Moderate","266.899",22.997,53.701,1.05013,"<2.02","2.801","10.172",437.825,"BF11",0.2549,NA,6153,NA,NA,0.20691,106.967,"<2.53",0.762,"3582.84",NA,"2.641",NA,0.12521,"<5.06",NA,"B11",11,0.08345,42.431
"B11.rhizo.16s","B11.rhizo.16s","B11.rhizo.16s","B11-rhizo-16s","Rhizosphere","Burned","B","Moderate",NA,NA,5.963,NA,NA,NA,NA,NA,"BR11",NA,51355,NA,917,2659.3,NA,NA,NA,0.392,NA,NA,NA,NA,NA,NA,6.86,"B11",11,NA,NA
"B11.soil.16s","B11.soil.16s","B11.soil.16s","B11-soil-16s","Bulk soil","Burned","B","Moderate",NA,NA,6.723,NA,NA,NA,NA,NA,"BB11",NA,51328,NA,905,2624.5,NA,NA,NA,0.447,NA,49.81,NA,3.89,NA,NA,6.85,"B11",11,NA,NA
"B12.fine.16s","B12.fine.16s","B12.fine.16s","B12-fine-16s","Fine root","Burned","B","Moderate","1262.39",23.636,53.096,0.79729,"<2.66","5.211","16.076",4765.65,"BF12",0.35575,NA,6154,NA,NA,0.16167,138.528,"<3.32",0.82,"3157.47",NA,"7.776",NA,0.16618,"<6.65",NA,"B12",12,0.06662,52.819
"B12.rhizo.16s","B12.rhizo.16s","B12.rhizo.16s","B12-rhizo-16s","Rhizosphere","Burned","B","Moderate",NA,NA,30.682,NA,NA,NA,NA,NA,"BR12",NA,51356,NA,3139,9103.1,NA,NA,NA,1.51,NA,NA,NA,NA,NA,NA,6.53,"B12",12,NA,NA
"B12.soil.16s","B12.soil.16s","B12.soil.16s","B12-soil-16s","Bulk soil","Burned","B","Moderate",NA,NA,10.656,NA,NA,NA,NA,NA,"BB12",NA,51329,NA,1755,5089.5,NA,NA,NA,0.657,NA,186.4,NA,1.36,NA,NA,7.91,"B12",12,NA,NA
"B13.fine.16s","B13.fine.16s","B13.fine.16s","B13-fine-16s","Fine root","Burned","B","Moderate","410.422",16.762,52.883,0.94185,"<0.80","2.142","7.13",353.702,"BF13",0.43788,NA,6155,NA,NA,0.17213,150.383,"<1.00",0.721,"2374.19",NA,"2.433",NA,0.17372,"2.529",NA,"B13",13,0.0803,56.919
"B13.rhizo.16s","B13.rhizo.16s","B13.rhizo.16s","B13-rhizo-16s","Rhizosphere","Burned","B","Moderate",NA,NA,6.912,NA,NA,NA,NA,NA,"BR13",NA,51357,NA,1438,4170.2,NA,NA,NA,0.317,NA,NA,NA,NA,NA,NA,6.34,"B13",13,NA,NA
"B13.soil.16s","B13.soil.16s","B13.soil.16s","B13-soil-16s","Bulk soil","Burned","B","Moderate",NA,NA,4.833,NA,NA,NA,NA,NA,"BB13",NA,51330,NA,327,948.3,NA,NA,NA,0.248,NA,40.43,NA,0.23,NA,NA,6.12,"B13",13,NA,NA
"B14.fine.16s","B14.fine.16s","B14.fine.16s","B14-fine-16s","Fine root","Burned","B","Moderate","641.305",16.426,53.038,1.4285,"<0.80","2.327","8.957",552.599,"BF14",0.20774,NA,6156,NA,NA,0.11938,232.407,"<1.00",0.571,"3742.15",NA,"1.852",NA,0.08004,"2.783",NA,"B14",14,0.07796,45.069
"B14.rhizo.16s","B14.rhizo.16s","B14.rhizo.16s","B14-rhizo-16s","Rhizosphere","Burned","B","Moderate",NA,NA,5.735,NA,NA,NA,NA,NA,"BR14",NA,51358,NA,1040,3016,NA,NA,NA,0.31,NA,NA,NA,NA,NA,NA,6.65,"B14",14,NA,NA
"B14.soil.16s","B14.soil.16s","B14.soil.16s","B14-soil-16s","Bulk soil","Burned","B","Moderate",NA,NA,3.162,NA,NA,NA,NA,NA,"BB14",NA,51331,NA,592,1716.8,NA,NA,NA,0.203,NA,49.2,NA,0.38,NA,NA,6.83,"B14",14,NA,NA
"B15.fine.16s","B15.fine.16s","B15.fine.16s","B15-fine-16s","Fine root","Burned","B","Moderate","337.174",18.692,55.342,0.91856,"<1.70","3.7","6.996",809.076,"BF15",0.24795,NA,6157,NA,NA,0.12673,218.613,"<2.12",0.733,"5951.16",NA,"2.667",NA,0.0952,"<4.24",NA,"B15",15,0.07841,47.082
"B15.rhizo.16s","B15.rhizo.16s","B15.rhizo.16s","B15-rhizo-16s","Rhizosphere","Burned","B","Moderate",NA,NA,18.536,NA,NA,NA,NA,NA,"BR15",NA,51359,NA,3198,9274.2,NA,NA,NA,0.953,NA,NA,NA,NA,NA,NA,6.39,"B15",15,NA,NA
"B15.soil.16s","B15.soil.16s","B15.soil.16s","B15-soil-16s","Bulk soil","Burned","B","Moderate",NA,NA,8.598,NA,NA,NA,NA,NA,"BB15",NA,51332,NA,1194,3462.6,NA,NA,NA,0.538,NA,69.92,NA,0.31,NA,NA,7.01,"B15",15,NA,NA
"B16.fine.16s","B16.fine.16s","B16.fine.16s","B16-fine-16s","Fine root","Burned","B","Moderate","349.391",26.157,53.062,1.34358,"<1.49","4.273","14.796",3451.98,"BF16",0.49919,NA,6158,NA,NA,0.13725,363.521,"<1.87",0.812,"3578.83",NA,"2.927",NA,0.18167,"<3.73",NA,"B16",16,0.09666,64.695
"B16.rhizo.16s","B16.rhizo.16s","B16.rhizo.16s","B16-rhizo-16s","Rhizosphere","Burned","B","Moderate",NA,NA,20.406,NA,NA,NA,NA,NA,"BR16",NA,51360,NA,1688,4895.2,NA,NA,NA,1.04,NA,NA,NA,NA,NA,NA,6.09,"B16",16,NA,NA
"B16.soil.16s","B16.soil.16s","B16.soil.16s","B16-soil-16s","Bulk soil","Burned","B","Moderate",NA,NA,11.213,NA,NA,NA,NA,NA,"BB16",NA,51333,NA,1514,4390.6,NA,NA,NA,0.638,NA,74.26,NA,14.96,NA,NA,7.09,"B16",16,NA,NA
"B17.fine.16s","B17.fine.16s","B17.fine.16s","B17-fine-16s","Fine root","Burned","B","Moderate","270.415",29.654,54.04,0.91663,"<4.00","5.333","12.559",472.896,"BF17",0.30394,NA,6159,NA,NA,0.15973,109.305,"5.593",0.987,"7974.68",NA,"<5.00",NA,0.17857,"<10.00",NA,"B17",17,0.09925,52.135
"B17.rhizo.16s","B17.rhizo.16s","B17.rhizo.16s","B17-rhizo-16s","Rhizosphere","Burned","B","Moderate",NA,NA,5.156,NA,NA,NA,NA,NA,"BR17",NA,51361,NA,6217,18029.3,NA,NA,NA,0.309,NA,NA,NA,NA,NA,NA,6.96,"B17",17,NA,NA
"B17.soil.16s","B17.soil.16s","B17.soil.16s","B17-soil-16s","Bulk soil","Burned","B","Moderate",NA,NA,6.617,NA,NA,NA,NA,NA,"BB17",NA,51334,NA,588,1705.2,NA,NA,NA,0.373,NA,74.94,NA,1.02,NA,NA,6.35,"B17",17,NA,NA
"B18.fine.16s","B18.fine.16s","B18.fine.16s","B18-fine-16s","Fine root","Burned","B","Moderate","305.265",41.637,51.299,1.03483,"<6.17","<7.72","27.645",497.567,"BF18",1.07916,NA,6160,NA,NA,0.24622,121.416,"<7.72",1.505,"3724.24",NA,"9.374",NA,0.28769,"<15.43",NA,"B18",18,0.197,79.222
"B18.rhizo.16s","B18.rhizo.16s","B18.rhizo.16s","B18-rhizo-16s","Rhizosphere","Burned","B","Moderate",NA,NA,5.177,NA,NA,NA,NA,NA,"BR18",NA,51362,NA,934,2708.6,NA,NA,NA,0.322,NA,NA,NA,NA,NA,NA,6.8,"B18",18,NA,NA
"B18.soil.16s","B18.soil.16s","B18.soil.16s","B18-soil-16s","Bulk soil","Burned","B","Moderate",NA,NA,3.505,NA,NA,NA,NA,NA,"BB18",NA,51335,NA,798,2314.2,NA,NA,NA,0.213,NA,50.97,NA,0.17,NA,NA,6.85,"B18",18,NA,NA
"U01.fine.16s","U01.fine.16s","U01.fine.16s","U01-fine-16s","Fine root","Unburned","U","Unburned","176.675",13.707,53.333,0.9215,"<1.18","3.133","8.346",196.072,"UF01",0.5684,NA,6161,NA,NA,0.12725,53.99,"1.751",0.638,"3632.95",NA,"5.675",NA,0.13919,"<2.94",NA,"U01",1,0.07909,43.503
"U01.rhizo.16s","U01.rhizo.16s","U01.rhizo.16s","U01-rhizo-16s","Rhizosphere","Unburned","U","Unburned",NA,NA,10.497,NA,NA,NA,NA,NA,"UR01",NA,51363,NA,547,1586.3,NA,NA,NA,0.531,NA,NA,NA,NA,NA,NA,6.04,"U01",1,NA,NA
"U01.soil.16s","U01.soil.16s","U01.soil.16s","U01-soil-16s","Bulk soil","Unburned","U","Unburned",NA,NA,5.266,NA,NA,NA,NA,NA,"UB01",NA,51336,NA,627,1818.3,NA,NA,NA,0.357,NA,28.63,NA,2.95,NA,NA,6.51,"U01",1,NA,NA
"U02.fine.16s","U02.fine.16s","U02.fine.16s","U02-fine-16s","Fine root","Unburned","U","Unburned","156.285",26.965,54.29,0.84024,"<4.17","<5.21","11.476",124.771,"UF02",0.59802,NA,6162,NA,NA,0.12665,56.93,"<5.21",0.604,"3896.57",NA,"6.584",NA,0.11476,"<10.42",NA,"U02",2,0.51497,49.007
"U02.rhizo.16s","U02.rhizo.16s","U02.rhizo.16s","U02-rhizo-16s","Rhizosphere","Unburned","U","Unburned",NA,NA,12.104,NA,NA,NA,NA,NA,"UR02",NA,51364,NA,3103,8998.7,NA,NA,NA,0.607,NA,NA,NA,NA,NA,NA,6.41,"U02",2,NA,NA
"U02.soil.16s","U02.soil.16s","U02.soil.16s","U02-soil-16s","Bulk soil","Unburned","U","Unburned",NA,NA,7.962,NA,NA,NA,NA,NA,"UB02",NA,51337,NA,808,2343.2,NA,NA,NA,0.505,NA,35.56,NA,2.49,NA,NA,6.61,"U02",2,NA,NA
"U03.fine.16s","U03.fine.16s","U03.fine.16s","U03-fine-16s","Fine root","Unburned","U","Unburned","165.175",17.387,53.566,1.16052,"<0.97","2.678","7.068",257.117,"UF03",0.37739,NA,6163,NA,NA,0.12337,187.902,"1.3",0.802,"3442.64",NA,"2.582",NA,0.16669,"<2.42",NA,"U03",3,0.13971,33.474
"U03.rhizo.16s","U03.rhizo.16s","U03.rhizo.16s","U03-rhizo-16s","Rhizosphere","Unburned","U","Unburned",NA,NA,24.661,NA,NA,NA,NA,NA,"UR03",NA,51365,NA,2592,7516.8,NA,NA,NA,1.469,NA,NA,NA,NA,NA,NA,6.79,"U03",3,NA,NA
"U03.soil.16s","U03.soil.16s","U03.soil.16s","U03-soil-16s","Bulk soil","Unburned","U","Unburned",NA,NA,34.364,NA,NA,NA,NA,NA,"UB03",NA,51338,NA,2271,6585.9,NA,NA,NA,1.886,NA,25.04,NA,0.67,NA,NA,6.63,"U03",3,NA,NA
"U04.fine.16s","U04.fine.16s","U04.fine.16s","U04-fine-16s","Fine root","Unburned","U","Unburned","188.203",17.519,54.743,1.1228,"<1.04","2.389","8.66",290.495,"UF04",0.37206,NA,6164,NA,NA,0.10669,79.856,"<1.30",0.885,"4087.28",NA,"3.047",NA,0.16939,"<2.60",NA,"U04",4,0.09142,45.68
"U04.rhizo.16s","U04.rhizo.16s","U04.rhizo.16s","U04-rhizo-16s","Rhizosphere","Unburned","U","Unburned",NA,NA,20.037,NA,NA,NA,NA,NA,"UR04",NA,51366,NA,2042,5921.8,NA,NA,NA,1.086,NA,NA,NA,NA,NA,NA,6.76,"U04",4,NA,NA
"U04.soil.16s","U04.soil.16s","U04.soil.16s","U04-soil-16s","Bulk soil","Unburned","U","Unburned",NA,NA,6.765,NA,NA,NA,NA,NA,"UB04",NA,51339,NA,780,2262,NA,NA,NA,0.418,NA,16.59,NA,0.73,NA,NA,6.82,"U04",4,NA,NA
"U05.fine.16s","U05.fine.16s","U05.fine.16s","U05-fine-16s","Fine root","Unburned","U","Unburned","220.411",12.496,52.571,1.7013,"<1.14","4.124","4.626",381.846,"UF05",0.38503,NA,6165,NA,NA,0.10752,46.226,"<1.42",0.827,"2451.37",NA,"2.926",NA,0.18838,"<2.84",NA,"U05",5,0.08382,22.707
"U05.rhizo.16s","U05.rhizo.16s","U05.rhizo.16s","U05-rhizo-16s","Rhizosphere","Unburned","U","Unburned",NA,NA,20.937,NA,NA,NA,NA,NA,"UR05",NA,51367,NA,2697,7821.3,NA,NA,NA,1.163,NA,NA,NA,NA,NA,NA,6.81,"U05",5,NA,NA
"U05.soil.16s","U05.soil.16s","U05.soil.16s","U05-soil-16s","Bulk soil","Unburned","U","Unburned",NA,NA,14.877,NA,NA,NA,NA,NA,"UB05",NA,51340,NA,1406,4077.4,NA,NA,NA,0.798,NA,55.69,NA,0.15,NA,NA,6.7,"U05",5,NA,NA
"U06.fine.16s","U06.fine.16s","U06.fine.16s","U06-fine-16s","Fine root","Unburned","U","Unburned","368.038",18.936,54.484,1.02523,"<2.48","4.464","9.722",471.023,"UF06",0.43841,NA,6166,NA,NA,0.1295,147.98,"<3.10",0.736,"4528.02",NA,"6.426",NA,0.11806,"<6.20",NA,"U06",6,0.08015,40.46
"U06.rhizo.16s","U06.rhizo.16s","U06.rhizo.16s","U06-rhizo-16s","Rhizosphere","Unburned","U","Unburned",NA,NA,10.202,NA,NA,NA,NA,NA,"UR06",NA,51368,NA,1378,3996.2,NA,NA,NA,0.587,NA,NA,NA,NA,NA,NA,6.5,"U06",6,NA,NA
"U06.soil.16s","U06.soil.16s","U06.soil.16s","U06-soil-16s","Bulk soil","Unburned","U","Unburned",NA,NA,13.451,NA,NA,NA,NA,NA,"UB06",NA,51341,NA,1122,3253.8,NA,NA,NA,0.782,NA,15.02,NA,0.18,NA,NA,6.66,"U06",6,NA,NA
"U07.fine.16s","U07.fine.16s","U07.fine.16s","U07-fine-16s","Fine root","Unburned","U","Unburned","131.766",22.873,52.317,1.26336,"<1.95","<2.44","6.163",180.227,"UF07",0.3198,NA,6167,NA,NA,0.11479,145.036,"<2.44",0.849,"4882.83",NA,"3.75",NA,0.17668,"<4.88",NA,"U07",7,0.07682,33.071
"U07.rhizo.16s","U07.rhizo.16s","U07.rhizo.16s","U07-rhizo-16s","Rhizosphere","Unburned","U","Unburned",NA,NA,14.641,NA,NA,NA,NA,NA,"UR07",NA,51369,NA,1901,5512.9,NA,NA,NA,0.85,NA,NA,NA,NA,NA,NA,6.6,"U07",7,NA,NA
"U07.soil.16s","U07.soil.16s","U07.soil.16s","U07-soil-16s","Bulk soil","Unburned","U","Unburned",NA,NA,12.832,NA,NA,NA,NA,NA,"UB07",NA,51342,NA,1043,3024.7,NA,NA,NA,0.495,NA,26.37,NA,0.82,NA,NA,6.32,"U07",7,NA,NA
"U08.fine.16s","U08.fine.16s","U08.fine.16s","U08-fine-16s","Fine root","Unburned","U","Unburned","223",20.67,54.87,1.03571,"<1.87","2.758","7.994",265.461,"UF08",0.37173,NA,6168,NA,NA,0.1185,67.793,"<2.34",0.77,"2939.26",NA,"4.111",NA,0.14093,"8.106",NA,"U08",8,0.08503,63.18
"U08.rhizo.16s","U08.rhizo.16s","U08.rhizo.16s","U08-rhizo-16s","Rhizosphere","Unburned","U","Unburned",NA,NA,13.11,NA,NA,NA,NA,NA,"UR08",NA,51370,NA,1945,5640.5,NA,NA,NA,0.757,NA,NA,NA,NA,NA,NA,6.52,"U08",8,NA,NA
"U08.soil.16s","U08.soil.16s","U08.soil.16s","U08-soil-16s","Bulk soil","Unburned","U","Unburned",NA,NA,6.31,NA,NA,NA,NA,NA,"UB08",NA,51343,NA,703,2038.7,NA,NA,NA,0.413,NA,11.78,NA,2.25,NA,NA,6.52,"U08",8,NA,NA
"U09.rhizo.16s","U09.rhizo.16s","U09.rhizo.16s","U09-rhizo-16s","Rhizosphere","Unburned","U","Unburned",NA,NA,6.053,NA,NA,NA,NA,NA,"UR09",NA,51371,NA,763,2212.7,NA,NA,NA,0.389,NA,NA,NA,NA,NA,NA,6.54,"U09",9,NA,NA
"U09.soil.16s","U09.soil.16s","U09.soil.16s","U09-soil-16s","Bulk soil","Unburned","U","Unburned",NA,NA,7.932,NA,NA,NA,NA,NA,"UB09",NA,51344,NA,785,2276.5,NA,NA,NA,0.545,NA,13.53,NA,1.75,NA,NA,6.46,"U09",9,NA,NA
"B.unk.stem.16S","B.unk.stem.16S","B.unk.stem.16S","B-unk-stem-16S","Stem","Burned","B","High","<10",15.534,50.718,0.70047,"<0.80","<1.00","7.188",42.226,"BS04",0.99826,NA,6092,NA,NA,0.17256,29.43,"<1.00",1.185,"1031.33",NA,"1.474",NA,0.16468,"<2.00",NA,"B04",4,0.09419,47.706
"B.unk.stem2.16S","B.unk.stem2.16S","B.unk.stem2.16S","B-unk-stem2-16S","Stem","Burned","B","Moderate","10.537",14.81,46.384,0.67736,"<0.80","<1.00","4.613",18.864,"BS11",1.3463,NA,6099,NA,NA,0.17485,23.551,"<1.00",1.411,"4316.56",NA,"1.794",NA,0.20172,"<2.00",NA,"B11",11,0.10155,23.441
"B01.coarse.16S","B01.coarse.16S","B01.coarse.16S","B01-coarse-16S","Rhizome","Burned","B","High","107.38",8.572,48.591,0.65896,"<0.80","<1.00","6.459",142.308,"BC01",0.61922,NA,6116,NA,NA,0.07504,29.892,"<1.00",0.651,"5951.2",NA,"1.736",NA,0.19866,"<2.00",NA,"B01",1,0.06088,23.111
"B01.leaves.16S","B01.leaves.16S","B01.leaves.16S","B01-leaves-16S","Leaf","Burned","B","High","42.914",59.474,42.434,1.519,"<0.80","1.008","10.329",146.387,"BL01",1.47668,NA,6062,NA,NA,0.35192,111.4,"<1.00",2.916,"<20",NA,"4.478",NA,0.40683,"<2.00",NA,"B01",1,0.22529,69.978
"B01.stem.16S","B01.stem.16S","B01.stem.16S","B01-stem-16S","Stem","Burned","B","High","12.442",15.472,49.719,0.63244,"0.949","<1.00","14.637",44.753,"BS01",1.19511,NA,6089,NA,NA,0.19469,36.426,"<1.00",1.493,"1285.11",NA,"3.891",NA,0.21348,"<2.00",NA,"B01",1,0.10742,49.543
"B02.coarse.16S","B02.coarse.16S","B02.coarse.16S","B02-coarse-16S","Rhizome","Burned","B","High","12.192",10.385,49.725,1.25559,"<0.80","<1.00","4.109",38.676,"BC02",0.5418,NA,6117,NA,NA,0.05006,15.558,"<1.00",0.478,"3285.44",NA,"<1.00",NA,0.23077,"<2.00",NA,"B02",2,0.05029,27.535
"B02.leaves.16S","B02.leaves.16S","B02.leaves.16S","B02-leaves-16S","Leaf","Burned","B","High","39.588",55.226,44.343,1.00682,"<0.80","<1.00","6.499",92.972,"BL02",1.85125,NA,6063,NA,NA,0.22374,52.913,"<1.00",2.193,"<20",NA,"1.582",NA,0.32525,"<2.00",NA,"B02",2,0.22842,32.327
"B02.stem.16S","B02.stem.16S","B02.stem.16S","B02-stem-16S","Stem","Burned","B","High","<10",12.655,52.085,0.41482,"<0.80","1.101","5.278",34.54,"BS02",0.57077,NA,6090,NA,NA,0.09291,17.706,"<1.00",0.952,"668.408",NA,"2.59",NA,0.15144,"<2.00",NA,"B02",2,0.06054,36.758
"B03.coarse.16S","B03.coarse.16S","B03.coarse.16S","B03-coarse-16S","Rhizome","Burned","B","High","76.939",11.172,49.646,0.90813,"<0.80","<1.00","5.28",82.721,"BC03",0.52028,NA,6118,NA,NA,0.11394,15.277,"<1.00",0.824,"2078.92",NA,"<1.00",NA,0.24707,"<2.00",NA,"B03",3,0.10053,27.021
"B03.leaves.16S","B03.leaves.16S","B03.leaves.16S","B03-leaves-16S","Leaf","Burned","B","High","30.441",53.037,43.033,1.34288,"<0.80","1.034","8.201",92.631,"BL03",1.55309,NA,6064,NA,NA,0.23394,86.371,"<1.00",2.626,"<20",NA,"2.187",NA,0.3307,"<2.00",NA,"B03",3,0.22672,45.028
"B03.stem.16S","B03.stem.16S","B03.stem.16S","B03-stem-16S","Stem","Burned","B","High","12.039",16.17,50.805,0.62876,"<0.80","<1.00","13.062",48.995,"BS03",1.05599,NA,6091,NA,NA,0.15612,29.345,"<1.00",1.461,"1294.61",NA,"3.399",NA,0.22205,"<2.00",NA,"B03",3,0.10342,64.66
"B04.coarse.16S","B04.coarse.16S","B04.coarse.16S","B04-coarse-16S","Rhizome","Burned","B","High","94.183",10.991,50.467,0.78906,"<0.80","<1.00","6.56",46.45,"BC04",0.97017,NA,6119,NA,NA,0.10561,30.724,"<1.00",0.601,"1703.07",NA,"1.178",NA,0.16996,"<2.00",NA,"B04",4,0.0694,35.735
"B04.fine.16S","B04.fine.16S","B04.fine.16S","B04-fine-16S","Fine root","Burned","B","High","543.493",20.007,51.221,1.0291,"<1.59","2.534","7.876",494.97,"BF04",0.46799,NA,6146,NA,NA,0.10841,105.008,"<1.99",0.737,"5008.94",NA,"2.013",NA,0.14224,"<3.98",NA,"B04",4,0.07203,41.88
"B04.leaves.16S","B04.leaves.16S","B04.leaves.16S","B04-leaves-16S","Leaf","Burned","B","High","40.138",40.364,44.234,1.23446,"<0.80","1.084","5.799",94.799,"BL04",1.50771,NA,6065,NA,NA,0.19424,62.285,"<1.00",2.546,"<20",NA,"1.739",NA,0.29897,"<2.00",NA,"B04",4,0.22385,56.625
"B05.coarse.16S","B05.coarse.16S","B05.coarse.16S","B05-coarse-16S","Rhizome","Burned","B","High","31.305",11.03,50.164,1.09228,"<0.80","<1.00","2.774",46.05,"BC05",0.67394,NA,6120,NA,NA,0.08711,18.898,"<1.00",0.441,"1256.15",NA,"<1.00",NA,0.11237,"<2.00",NA,"B05",5,0.05251,39.01
"B05.leaves.16S","B05.leaves.16S","B05.leaves.16S","B05-leaves-16S","Leaf","Burned","B","High","65.832",45.765,44.487,1.24286,"<0.80","<1.00","5.843",93.144,"BL05",1.45636,NA,6066,NA,NA,0.19161,85.717,"<1.00",2.355,"<20",NA,"1.433",NA,0.29517,"<2.00",NA,"B05",5,0.22979,39.987
"B05.stem.16S","B05.stem.16S","B05.stem.16S","B05-stem-16S","Stem","Burned","B","High","10.568",9.04,52.282,0.32225,"<0.80","1.047","2.598",20.98,"BS05",0.62229,NA,6093,NA,NA,0.0927,12.914,"<1.00",0.737,"611.831",NA,"1.426",NA,0.0766,"<2.00",NA,"B05",5,0.04126,20.588
"B06.coarse.16S","B06.coarse.16S","B06.coarse.16S","B06-coarse-16S","Rhizome","Burned","B","High","95.279",10.433,52.949,1.31982,"<1.62","<2.02","4.168",102.87,"BC06",0.56334,NA,6121,NA,NA,0.07453,24.306,"<2.02",0.64,"910.131",NA,"<2.02",NA,0.14062,"<4.04",NA,"B06",6,0.05066,28.51
"B06.leaves.16S","B06.leaves.16S","B06.leaves.16S","B06-leaves-16S","Leaf","Burned","B","High","24.586",55.951,43.934,1.53036,"<0.80","<1.00","8.346",88.477,"BL06",1.63275,NA,6067,NA,NA,0.23906,96.439,"<1.00",2.777,"<20",NA,"1.788",NA,0.35111,"<2.00",NA,"B06",6,0.24436,49.588
"B06.stem.16S","B06.stem.16S","B06.stem.16S","B06-stem-16S","Stem","Burned","B","High","<16",23.807,51.922,1.08442,"<1.26","<1.58","16.055",52.811,"BS06",1.47625,NA,6094,NA,NA,0.23908,51.386,"<1.58",1.711,"1346.13",NA,"3.889",NA,0.34696,"<3.16",NA,"B06",6,0.17433,87.671
"B07.coarse.16S","B07.coarse.16S","B07.coarse.16S","B07-coarse-16S","Rhizome","Burned","B","High","282.404",9.71,50.837,1.18319,"<0.90","<1.12","4.609",285.35,"BC07",0.15473,NA,6122,NA,NA,0.05603,49.696,"<1.12",1.719,"4103.25",NA,"<1.12",NA,0.0604,"<2.24",NA,"B07",7,0.05888,32.997
"B07.leaves.16S","B07.leaves.16S","B07.leaves.16S","B07-leaves-16S","Leaf","Burned","B","High","37.916",55.504,44.552,1.26412,"<0.80","<1.00","6.469",74.464,"BL07",1.55908,NA,6068,NA,NA,0.24697,105.835,"<1.00",2.416,"54.904",NA,"3.811",NA,0.29522,"<2.00",NA,"B07",7,0.236,44.676
"B07.stem.16S","B07.stem.16S","B07.stem.16S","B07-stem-16S","Stem","Burned","B","High","<10",17.328,50.97,0.53054,"<0.80","<1.00","6.819",23.379,"BS07",0.49182,NA,6095,NA,NA,0.11435,20.72,"<1.00",1.055,"399.611",NA,"1.944",NA,0.1007,"<2.00",NA,"B07",7,0.05372,36.477
"B08.coarse.16S","B08.coarse.16S","B08.coarse.16S","B08-coarse-16S","Rhizome","Burned","B","High","31.823",9.102,48.082,0.91619,"<0.80","<1.00","8.722",62.675,"BC08",0.59672,NA,6123,NA,NA,0.10029,26.518,"<1.00",0.552,"792.614",NA,"1.275",NA,0.16337,"<2.00",NA,"B08",8,0.05197,38.367
"B08.leaves.16S","B08.leaves.16S","B08.leaves.16S","B08-leaves-16S","Leaf","Burned","B","High","62.615",55.069,43.335,1.8355,"<0.80","<1.00","8.064",102.226,"BL08",1.51802,NA,6069,NA,NA,0.33299,108.307,"<1.00",2.084,"<20",NA,"1.662",NA,0.35222,"<2.00",NA,"B08",8,0.17093,63.273
"B08.stem.16S","B08.stem.16S","B08.stem.16S","B08-stem-16S","Stem","Burned","B","High","<13",18.065,52.123,0.80107,"<1.01","<1.26","14.737",36.23,"BS08",0.8638,NA,6096,NA,NA,0.17429,33.448,"<1.26",0.946,"956.944",NA,"2.948",NA,0.21802,"<2.52",NA,"B08",8,0.08109,66.949
"B09.coarse.16S","B09.coarse.16S","B09.coarse.16S","B09-coarse-16S","Rhizome","Burned","B","High","26.237",11.85,49.726,1.00349,"<0.80","<1.00","3.95",49.38,"BC09",0.86498,NA,6124,NA,NA,0.08406,26.736,"<1.00",0.836,"1254.53",NA,"<1.00",NA,0.23926,"<2.00",NA,"B09",9,0.09441,25.156
"B09.leaves.16S","B09.leaves.16S","B09.leaves.16S","B09-leaves-16S","Leaf","Burned","B","High","54.694",67.347,43.657,1.18266,"<0.80","<1.00","27.251",109.202,"BL09",2.06106,NA,6070,NA,NA,0.21824,136.172,"<1.00",2.781,"<20",NA,"23.298",NA,0.41144,"<2.00",NA,"B09",9,0.242,64.167
"B09.stem.16S","B09.stem.16S","B09.stem.16S","B09-stem-16S","Stem","Burned","B","High","20.676",14.223,50.235,0.68898,"<0.80","<1.00","14.772",34.744,"BS09",1.11138,NA,6097,NA,NA,0.15503,51.686,"<1.00",1.463,"1132.37",NA,"2.719",NA,0.26026,"<2.00",NA,"B09",9,0.1042,52.547
"B10.coarse.16S","B10.coarse.16S","B10.coarse.16S","B10-coarse-16S","Rhizome","Burned","B","Moderate","16.343",9.319,50.315,0.95971,"<0.80","<1.00","5.485",39.159,"BC10",0.73318,NA,6125,NA,NA,0.07348,66.566,"<1.00",0.276,"1111.97",NA,"<1.00",NA,0.14861,"<2.00",NA,"B10",10,0.06603,20.835
"B10.leaves.16S","B10.leaves.16S","B10.leaves.16S","B10-leaves-16S","Leaf","Burned","B","Moderate","37.08",87.512,44.705,0.97275,"<0.80","<1.00","11.847",73.149,"BL10",2.18487,NA,6071,NA,NA,0.22688,146.256,"<1.00",2.951,"<20",NA,"5.089",NA,0.38601,"<2.00",NA,"B10",10,0.27974,31.255
"B10.stem.16S","B10.stem.16S","B10.stem.16S","B10-stem-16S","Stem","Burned","B","Moderate","<10",15.896,50.925,0.50341,"<0.80","<1.00","9.569",20.481,"BS10",1.03706,NA,6098,NA,NA,0.1499,50.745,"<1.00",1.472,"919.61",NA,"2.002",NA,0.18769,"<2.00",NA,"B10",10,0.10894,30.989
"B11.coarse.16S","B11.coarse.16S","B11.coarse.16S","B11-coarse-16S","Rhizome","Burned","B","Moderate","93.977",14.916,50.275,1.09674,"<0.80","<1.00","2.903",84.175,"BC11",0.50709,NA,6126,NA,NA,0.15901,27.105,"<1.00",0.64,"3789.03",NA,"<1.00",NA,0.15015,"<2.00",NA,"B11",11,0.0565,29.898
"B11.leaves.16S","B11.leaves.16S","B11.leaves.16S","B11-leaves-16S","Leaf","Burned","B","Moderate","60.56",84.4,43.978,1.08872,"<0.80","<1.00","5.805",95.279,"BL11",1.64481,NA,6072,NA,NA,0.28741,109.987,"<1.00",2.632,"<20",NA,"1.265",NA,0.40313,"<2.00",NA,"B11",11,0.34916,55.186
"B12.coarse.16S","B12.coarse.16S","B12.coarse.16S","B12-coarse-16S","Rhizome","Burned","B","Moderate","14.477",11.416,51.205,0.80115,"<0.80","2.306","4.536",34.519,"BC12",0.26443,NA,6127,NA,NA,0.07135,20.52,"<1.00",0.606,"429.929",NA,"<1.00",NA,0.1096,"<2.00",NA,"B12",12,0.05575,31.545
"B12.leaves.16S","B12.leaves.16S","B12.leaves.16S","B12-leaves-16S","Leaf","Burned","B","Moderate","53.995",65.691,43.733,0.47334,"<0.80","<1.00","8.275",103.259,"BL12",2.7494,NA,6073,NA,NA,0.17683,50.973,"<1.00",3.667,"60.493",NA,"1.009",NA,0.5019,"<2.00",NA,"B12",12,0.24658,60.804
"B12.stem.16S","B12.stem.16S","B12.stem.16S","B12-stem-16S","Stem","Burned","B","Moderate","<30",22.546,47.053,0.34913,"<2.40","<3.00","7.997",31.627,"BS12",2.13413,NA,6100,NA,NA,0.1113,28.717,"<3.00",2.822,"7069.77",NA,"<3.00",NA,0.31392,"<6.01",NA,"B12",12,0.13253,44.965
"B13.coarse.16S","B13.coarse.16S","B13.coarse.16S","B13-coarse-16S","Rhizome","Burned","B","Moderate","153.95",16.008,49.619,0.85737,"<0.80","<1.00","4.702",167.066,"BC13",0.6539,NA,6128,NA,NA,0.07301,34.123,"<1.00",0.316,"1466.48",NA,"<1.00",NA,0.1498,"<2.00",NA,"B13",13,0.04839,33.454
"B13.leaves.16S","B13.leaves.16S","B13.leaves.16S","B13-leaves-16S","Leaf","Burned","B","Moderate","59.91",72.834,43.476,0.92982,"<0.80","<1.00","9.912",101.557,"BL13",2.9576,NA,6074,NA,NA,0.24886,197.446,"<1.00",2.946,"<20",NA,"2.21",NA,0.47581,"<2.00",NA,"B13",13,0.34613,74.113
"B13.stem.16S","B13.stem.16S","B13.stem.16S","B13-stem-16S","Stem","Burned","B","Moderate","<10",16.093,30.261,0.49033,"<0.80","<1.00","7.313",28.988,"BS13",2.13759,NA,6101,NA,NA,0.18724,49.558,"<1.00",1.208,"4931.45",NA,"1.255",NA,0.30021,"<2.00",NA,"B13",13,0.15211,60.089
"B14.coarse.16S","B14.coarse.16S","B14.coarse.16S","B14-coarse-16S","Rhizome","Burned","B","Moderate","75.555",15.035,51.518,0.76212,"<0.80","<1.00","3.17",82.179,"BC14",0.4529,NA,6129,NA,NA,0.08425,22.924,"<1.00",0.273,"1345.46",NA,"<1.00",NA,0.0777,"<2.00",NA,"B14",14,0.04105,30.585
"B14.leaves.16S","B14.leaves.16S","B14.leaves.16S","B14-leaves-16S","Leaf","Burned","B","Moderate","38.307",54.971,45.536,0.68207,"<0.80","<1.00","5.665",56.429,"BL14",1.44243,NA,6075,NA,NA,0.20906,59.061,"<1.00",2.914,"<20",NA,"<1.00",NA,0.37707,"<2.00",NA,"B14",14,0.25546,41.743
"B14.stem.16S","B14.stem.16S","B14.stem.16S","B14-stem-16S","Stem","Burned","B","Moderate","16.34",21.592,49.416,0.52043,"<0.80","1.41","6.651",45.216,"BS14",2.38174,NA,6102,NA,NA,0.17043,23.973,"<1.00",1.804,"3131.14",NA,"1.06",NA,0.27663,"<2.00",NA,"B14",14,0.13739,43.554
"B15.coarse.16S","B15.coarse.16S","B15.coarse.16S","B15-coarse-16S","Rhizome","Burned","B","Moderate","76.265",11.43,50.687,1.02363,"<0.80","1.698","2.234",50.074,"BC15",0.44557,NA,6130,NA,NA,0.0802,58.051,"<1.00",0.299,"1691.06",NA,"<1.00",NA,0.08551,"<2.00",NA,"B15",15,0.06217,21.6
"B15.leaves.16S","B15.leaves.16S","B15.leaves.16S","B15-leaves-16S","Leaf","Burned","B","Moderate","28.923",66.252,43.038,1.06389,"<0.80","<1.00","3.303",47.705,"BL15",1.70249,NA,6076,NA,NA,0.30421,70.818,"<1.00",1.88,"<20",NA,"<1.00",NA,0.28056,"<2.00",NA,"B15",15,0.17023,54.893
"B15.stem.16S","B15.stem.16S","B15.stem.16S","B15-stem-16S","Stem","Burned","B","Moderate","13.223",16.846,49.843,0.48819,"<0.80","<1.00","3.141",19.419,"BS15",1.33149,NA,6103,NA,NA,0.15774,16.348,"<1.00",0.943,"1454.93",NA,"1.263",NA,0.18276,"<2.00",NA,"B15",15,0.38793,34.442
"B16.coarse.16S","B16.coarse.16S","B16.coarse.16S","B16-coarse-16S","Rhizome","Burned","B","Moderate","34.089",16.4,50.507,1.2672,"1.082","<1.00","3.227",57.321,"BC16",0.47731,NA,6131,NA,NA,0.10428,100.397,"<1.00",0.459,"2501.39",NA,"<1.00",NA,0.14776,"<2.00",NA,"B16",16,0.06424,42.943
"B16.leaves.16S","B16.leaves.16S","B16.leaves.16S","B16-leaves-16S","Leaf","Burned","B","Moderate","20.941",86.886,43.986,1.42657,"<0.80","<1.00","4.976",48.155,"BL16",1.42669,NA,6077,NA,NA,0.25046,119.436,"<1.00",2.917,"<20",NA,"<1.00",NA,0.46833,"<2.00",NA,"B16",16,0.31818,26.158
"B16.stem.16S","B16.stem.16S","B16.stem.16S","B16-stem-16S","Stem","Burned","B","Moderate","<17",17.389,52.866,0.62568,"<1.38","1.76","7.882",26.831,"BS16",0.86873,NA,6104,NA,NA,0.14372,31.466,"<1.73",1.313,"593.532",NA,"<1.73",NA,0.23526,"<3.45",NA,"B16",16,0.09777,39.566
"B17.coarse.16S","B17.coarse.16S","B17.coarse.16S","B17-coarse-16S","Rhizome","Burned","B","Moderate","70.183",15.745,53.482,0.76259,"<0.80","<1.00","3.369",87.147,"BC17",0.83222,NA,6132,NA,NA,0.14043,26.657,"<1.00",0.905,"4989.11",NA,"<1.00",NA,0.18336,"<2.00",NA,"B17",17,0.09035,39.51
"B17.leaves.16S","B17.leaves.16S","B17.leaves.16S","B17-leaves-16S","Leaf","Burned","B","Moderate","43.752",42.552,46.848,0.44317,"<0.80","<1.00","5.351",63.957,"BL17",2.0107,NA,6078,NA,NA,0.2323,42.705,"<1.00",3.595,"<20",NA,"<1.00",NA,0.51683,"<2.00",NA,"B17",17,0.248,53.547
"B17.stem.16S","B17.stem.16S","B17.stem.16S","B17-stem-16S","Stem","Burned","B","Moderate","26.994",16.76,47.97,0.2489,"<0.80","2.024","3.594",58.253,"BS17",2.31418,NA,6105,NA,NA,0.1998,22.37,"<1.00",3.012,"7056.43",NA,"1.129",NA,0.38846,"<2.00",NA,"B17",17,0.17733,53.589
"B18.coarse.16S","B18.coarse.16S","B18.coarse.16S","B18-coarse-16S","Rhizome","Burned","B","Moderate","42.539",18.661,49.699,1.20724,"<0.80","1.434","4.199",57.575,"BC18",0.50524,NA,6133,NA,NA,0.15837,31.887,"<1.00",0.594,"3541.6",NA,"<1.00",NA,0.15972,"<2.00",NA,"B18",18,0.07773,33.128
"B18.leaves.16S","B18.leaves.16S","B18.leaves.16S","B18-leaves-16S","Leaf","Burned","B","Moderate","38.001",124.083,42.329,1.6832,"<0.80","<1.00","5.833",73.503,"BL18",3.0862,NA,6079,NA,NA,0.35201,134.38,"<1.00",2.36,"<20",NA,"2.022",NA,0.40934,"<2.00",NA,"B18",18,0.33394,104.974
"B18.stem.16S","B18.stem.16S","B18.stem.16S","B18-stem-16S","Stem","Burned","B","Moderate","<10",17.881,47.854,0.46917,"<0.80","<1.00","5.821",28.073,"BS18",3.0348,NA,6106,NA,NA,0.19407,25.789,"<1.00",2.296,"2904.61",NA,"1",NA,0.3931,"<2.00",NA,"B18",18,0.17844,51.579
"U01.coarse.16S","U01.coarse.16S","U01.coarse.16S","U01-coarse-16S","Rhizome","Unburned","U","Unburned","53.909",9.997,50.623,1.42091,"<0.80","<1.00","2.257",65.393,"UC01",0.45278,NA,6134,NA,NA,0.12496,19.472,"<1.00",0.708,"1010.12",NA,"1.732",NA,0.13095,"<2.00",NA,"U01",1,0.07305,29.399
"U01.leaves.16S","U01.leaves.16S","U01.leaves.16S","U01-leaves-16S","Leaf","Unburned","U","Unburned","227.986",51.645,43.177,1.72285,"<0.80","1.09","7.817",227.442,"UL01",3.7048,NA,6080,NA,NA,0.31477,57.365,"<1.00",1.346,"<20",NA,"13.448",NA,0.31541,"<2.00",NA,"U01",1,0.19122,81.141
"U01.stem.16S","U01.stem.16S","U01.stem.16S","U01-stem-16S","Stem","Unburned","U","Unburned","<10",15.575,51.443,0.58852,"<0.80","1.206","10.135",44.16,"US01",1.16552,NA,6107,NA,NA,0.17322,13.334,"<1.00",1.245,"482.011",NA,"9.653",NA,0.20389,"<2.00",NA,"U01",1,0.08659,30.656
"U02.coarse.16S","U02.coarse.16S","U02.coarse.16S","U02-coarse-16S","Rhizome","Unburned","U","Unburned","52.859",9.415,50.92,1.22965,"<0.80","<1.00","2.091",84.246,"UC02",0.46241,NA,6135,NA,NA,0.06355,21.688,"<1.00",0.346,"904.458",NA,"1.137",NA,0.12061,"<2.00",NA,"U02",2,0.04522,23.336
"U02.leaves.16S","U02.leaves.16S","U02.leaves.16S","U02-leaves-16S","Leaf","Unburned","U","Unburned","80.094",98.132,40.342,2.32538,"<0.80","<1.00","3.603",138.169,"UL02",2.00713,NA,6081,NA,NA,0.6196,95.639,"<1.00",1.846,"<20",NA,"3.582",NA,0.61201,"2.147",NA,"U02",2,0.68111,52.124
"U02.stem.16S","U02.stem.16S","U02.stem.16S","U02-stem-16S","Stem","Unburned","U","Unburned","18.923",20.031,51.061,0.58677,"<0.80","3.096","2.626",39.969,"US02",0.90469,NA,6108,NA,NA,0.1918,16.804,"<1.00",1.427,"482.724",NA,"3.561",NA,0.29525,"<2.00",NA,"U02",2,0.10725,35.28
"U03.coarse.16S","U03.coarse.16S","U03.coarse.16S","U03-coarse-16S","Rhizome","Unburned","U","Unburned","55.969",10.172,51.835,1.34367,"<0.80","<1.00","3.083",94.527,"UC03",0.49243,NA,6136,NA,NA,0.07253,23.052,"<1.00",0.176,"1688.25",NA,"2.009",NA,0.13311,"<2.00",NA,"U03",3,0.04899,18.581
"U03.leaves.16S","U03.leaves.16S","U03.leaves.16S","U03-leaves-16S","Leaf","Unburned","U","Unburned","35.69",58.171,44.397,1.0047,"<0.80","<1.00","3.654",59.049,"UL03",2.2558,NA,6082,NA,NA,0.23323,34.755,"<1.00",1.686,"<20",NA,"5.861",NA,0.20379,"<2.00",NA,"U03",3,0.19864,22.263
"U03.stem.16S","U03.stem.16S","U03.stem.16S","U03-stem-16S","Stem","Unburned","U","Unburned","<10",13.153,48.723,0.69301,"<0.80","<1.00","4.475",17.39,"US03",1.11674,NA,6109,NA,NA,0.18788,14.16,"<1.00",0.922,"1166.35",NA,"3.229",NA,0.16729,"<2.00",NA,"U03",3,0.08606,34.164
"U04.coarse.16S","U04.coarse.16S","U04.coarse.16S","U04-coarse-16S","Rhizome","Unburned","U","Unburned","27.447",13.845,51.85,1.55602,"<0.80","1.028","2.826",45.977,"UC04",0.43869,NA,6137,NA,NA,0.09225,30.94,"<1.00",0.423,"784.766",NA,"1.458",NA,0.17833,"<2.00",NA,"U04",4,0.06474,31.912
"U04.leaves.16S","U04.leaves.16S","U04.leaves.16S","U04-leaves-16S","Leaf","Unburned","U","Unburned","35.964",82.253,44.519,0.95075,"<0.80","<1.00","5.352",75.258,"UL04",2.12402,NA,6083,NA,NA,0.23895,33.526,"<1.00",2.005,"70.848",NA,"6.27",NA,0.24805,"<2.00",NA,"U04",4,0.27845,67.133
"U04.stem.16S","U04.stem.16S","U04.stem.16S","U04-stem-16S","Stem","Unburned","U","Unburned","<10",18.16,49.597,0.49688,"<0.80","<1.00","2.169",23.124,"US04",1.27145,NA,6110,NA,NA,0.17315,8.018,"<1.00",1.047,"1167.15",NA,"1.865",NA,0.24092,"<2.00",NA,"U04",4,0.10764,31.044
"U05.coarse.16S","U05.coarse.16S","U05.coarse.16S","U05-coarse-16S","Rhizome","Unburned","U","Unburned","28.209",11.747,50.335,1.16386,"0.805","1.237","2.191",42.975,"UC05",0.43563,NA,6138,NA,NA,0.06986,14.029,"1.204",0.259,"2054.77",NA,"<1.00",NA,0.11149,"<2.00",NA,"U05",5,0.04392,18.501
"U05.leaves.16S","U05.leaves.16S","U05.leaves.16S","U05-leaves-16S","Leaf","Unburned","U","Unburned","51.847",49.879,44.009,0.96974,"<0.80","<1.00","4.351",67.517,"UL05",3.6328,NA,6084,NA,NA,0.20955,30.208,"<1.00",1.687,"<20",NA,"10.973",NA,0.19489,"<2.00",NA,"U05",5,0.22323,38.094
"U05.stem.16S","U05.stem.16S","U05.stem.16S","U05-stem-16S","Stem","Unburned","U","Unburned","14.642",16.14,49.778,0.54441,"<0.80","<1.00","3.429",24.426,"US05",1.8813,NA,6111,NA,NA,0.19434,11.957,"<1.00",0.758,"1086.16",NA,"3.001",NA,0.19786,"<2.00",NA,"U05",5,0.08652,25.538
"U06.coarse.16S","U06.coarse.16S","U06.coarse.16S","U06-coarse-16S","Rhizome","Unburned","U","Unburned","192.557",16.118,50.808,1.42232,"<0.80","<1.00","4.44",203.615,"UC06",0.53784,NA,6139,NA,NA,0.15238,63.945,"1.31",0.434,"2659.76",NA,"4.371",NA,0.12948,"<2.00",NA,"U06",6,0.0752,27.166
"U06.leaves.16S","U06.leaves.16S","U06.leaves.16S","U06-leaves-16S","Leaf","Unburned","U","Unburned","36.2",91.817,43.378,1.4991,"<0.80","<1.00","5.722",72.226,"UL06",2.25322,NA,6085,NA,NA,0.37223,84.785,"<1.00",1.737,"<20",NA,"7.729",NA,0.28681,"<2.00",NA,"U06",6,0.20794,77.904
"U06.stem.16S","U06.stem.16S","U06.stem.16S","U06-stem-16S","Stem","Unburned","U","Unburned","<10",15.693,50.07,0.57673,"<0.80","<1.00","3.498",24.081,"US06",1.31447,NA,6112,NA,NA,0.17569,18.907,"<1.00",1.191,"1521.66",NA,"3.129",NA,0.17657,"<2.00",NA,"U06",6,0.10491,35.963
"U07.coarse.16S","U07.coarse.16S","U07.coarse.16S","U07-coarse-16S","Rhizome","Unburned","U","Unburned","36.054",6.962,50.574,0.67277,"<0.80","<1.00","2.013",75.707,"UC07",0.31964,NA,6140,NA,NA,0.11463,12.34,"<1.00",0.359,"2713.66",NA,"1.339",NA,0.09333,"<2.00",NA,"U07",7,0.03449,10.075
"U07.leaves.16S","U07.leaves.16S","U07.leaves.16S","U07-leaves-16S","Leaf","Unburned","U","Unburned","42.317",44.937,44.999,1.06875,"<0.80","<1.00","3.694",61.598,"UL07",2.6924,NA,6086,NA,NA,0.27279,46.984,"<1.00",1.45,"<20",NA,"7.782",NA,0.23622,"<2.00",NA,"U07",7,0.19077,36.922
"U07.stem.16S","U07.stem.16S","U07.stem.16S","U07-stem-16S","Stem","Unburned","U","Unburned","<30",17.969,51.06,0.29186,"<2.41","<3.01","<4.52",39.575,"US07",1.08162,NA,6113,NA,NA,0.12168,16.222,"<3.01",1.795,"2112.71",NA,"<3.01",NA,0.21572,"<6.02",NA,"U07",7,0.09483,21.779
"U08.coarse.16S","U08.coarse.16S","U08.coarse.16S","U08-coarse-16S","Rhizome","Unburned","U","Unburned","42.581",12.464,50.381,1.39118,"1.903","<1.00","3.181",61.596,"UC08",0.59244,NA,6141,NA,NA,0.1113,19.329,"<1.00",0.366,"1180.68",NA,"<1.00",NA,0.17489,"<2.00",NA,"U08",8,0.05738,44.81
"U08.leaves.16S","U08.leaves.16S","U08.leaves.16S","U08-leaves-16S","Leaf","Unburned","U","Unburned","26.907",81.76,42.73,1.98199,"<0.80","<1.00","5.253",56.303,"UL08",3.0776,NA,6087,NA,NA,0.40588,60.959,"<1.00",1.31,"<20",NA,"6.996",NA,0.40792,"<2.00",NA,"U08",8,0.21052,128.82
"U08.stem.16S","U08.stem.16S","U08.stem.16S","U08-stem-16S","Stem","Unburned","U","Unburned","<10",16.029,51.814,0.63163,"<0.80","<1.00","6.62",21.245,"US08",1.18333,NA,6114,NA,NA,0.19094,16.3,"<1.00",0.976,"597.518",NA,"3.165",NA,0.19098,"<2.00",NA,"U08",8,0.07944,39.563
"U09.coarse.16S","U09.coarse.16S","U09.coarse.16S","U09-coarse-16S","Rhizome","Unburned","U","Unburned","27.586",11.475,50.986,1.05955,"0.82","<1.00","3.832",43.489,"UC09",0.5119,NA,6142,NA,NA,0.11339,23.645,"<1.00",0.331,"1086.76",NA,"1.264",NA,0.13473,"<2.00",NA,"U09",9,0.05273,27.708
"U09.leaves.16S","U09.leaves.16S","U09.leaves.16S","U09-leaves-16S","Leaf","Unburned","U","Unburned","42.977",54.795,44.988,1.62587,"<0.80","<1.00","4.61",70.813,"UL09",1.54275,NA,6088,NA,NA,0.33243,42.181,"<1.00",1.525,"<20",NA,"8.014",NA,0.20221,"<2.00",NA,"U09",9,0.16592,49.566
"U09.stem.16S","U09.stem.16S","U09.stem.16S","U09-stem-16S","Stem","Unburned","U","Unburned","17.624",13.585,50.74,0.62494,"<0.93","<1.16","3.781",32.237,"US09",0.88379,NA,6115,NA,NA,0.15305,15.884,"<1.16",0.669,"1616.27",NA,"2.181",NA,0.13032,"<2.32",NA,"U09",9,0.05533,33.931
